id,direction,compartment,gpr,name,enzyme,deltag,reference,equation,definition,ms id,bigg id,kegg id,kegg pathways,metacyc pathways
rxn01772_c0,-,Cytosol_0,Unknown,Phenylglyoxylate:NAD+ oxidoreductase (CoA benzoylating)_c0,1.2.1.58,-8.14,,(1)  cpd00003[c0] + (1)  cpd00010[c0] + (1)  cpd01447[c0] <-> (1)  cpd00004[c0] + (1)  cpd00011[c0] + (1)  cpd00401[c0],(1)  NAD_c0[c0] + (1)  CoA_c0[c0] + (1)  Benzoylformate_c0[c0] <-> (1)  NADH_c0[c0] + (1)  CO2_c0[c0] + (1)  Benzoyl-CoA_c0[c0],rxn01772,,R02450,Phenylalanine metabolism,
rxn00096_c0,-,Cytosol_0,Unknown,ADP:ATP adenylyltransferase_c0,,2.5,,(1)  cpd00002[c0] + (1)  cpd00008[c0] <-> (1)  cpd00009[c0] + (1)  cpd00067[c0] + (1)  cpd00924[c0],(1)  ATP_c0[c0] + (1)  ADP_c0[c0] <-> (1)  Phosphate_c0[c0] + (1)  H+_c0[c0] + (1)  AppppA_c0[c0],rxn00096,APA2,R00126,Purine metabolism,
rxn00654_c0,>,Cytosol_0,Unknown,N-Carbamoyl-beta-alanine amidohydrolase_c0,,2.73,,(1)  cpd00001[c0] + (2)  cpd00067[c0] + (1)  cpd01720[c0] -> (1)  cpd00011[c0] + (1)  cpd00013[c0] + (1)  cpd00085[c0],(1)  H2O_c0[c0] + (2)  H+_c0[c0] + (1)  3-Ureidopropanoate_c0[c0] -> (1)  CO2_c0[c0] + (1)  NH3_c0[c0] + (1)  beta-Alanine_c0[c0],rxn00654,UPPN,R00905,Pyrimidine metabolism|beta-Alanine metabolism|Pantothenate and CoA biosynthesis,Amino-Acid-Biosynthesis|Beta-Alanine-Biosynthesis|Biosynthesis|Degradation|IND-AMINO-ACID-SYN|NUCLEO-DEG|Pyrimidine-Degradation|Uracil-Degradation
rxn00800_c0,-,Cytosol_0,Unknown,"N6-(1,2-dicarboxyethyl)AMP AMP-lyase (fumarate-forming)_c0",,7.34,,(1)  cpd02375[c0] <-> (1)  cpd00018[c0] + (1)  cpd00106[c0],(1)  Adenylosuccinate_c0[c0] <-> (1)  AMP_c0[c0] + (1)  Fumarate_c0[c0],rxn00800,ADE13_2,R01083,"Purine metabolism|Alanine, aspartate and glutamate metabolism",Biosynthesis|DENOVOPURINE2-PWY|Nucleotide-Biosynthesis|PRPP-PWY|PUR-NUC-SYN|Purine-Nucleotide-De-Novo-Biosynthesis
rxn00257_c0,-,Cytosol_0,Unknown,"acetyl-CoA:oxaloacetate C-acetyltransferase [(pro-S)-carboxymethyl-forming, ADP-phosphorylating]_c0",,2.11,,(1)  cpd00002[c0] + (1)  cpd00010[c0] + (1)  cpd00137[c0] <-> (1)  cpd00008[c0] + (1)  cpd00009[c0] + (1)  cpd00022[c0] + (1)  cpd00032[c0],(1)  ATP_c0[c0] + (1)  CoA_c0[c0] + (1)  Citrate_c0[c0] <-> (1)  ADP_c0[c0] + (1)  Phosphate_c0[c0] + (1)  Acetyl-CoA_c0[c0] + (1)  Oxaloacetate_c0[c0],rxn00257,,R00352,Citrate cycle (TCA cycle)|Carbon fixation pathways in prokaryotes,Acetyl-CoA-Biosynthesis|Autotrophic-CO2-Fixation|C1-COMPOUNDS|CO2-Fixation|Degradation|Energy-Metabolism|P23-PWY|Reductive-TCA-Cycles
rxn03384_c0,-,Cytosol_0,Unknown,Uroporphyrinogen I carboxy-lyase_c0,,-19.6,,(4)  cpd00067[c0] + (1)  cpd03414[c0] <-> (4)  cpd00011[c0] + (1)  cpd03416[c0],(4)  H+_c0[c0] + (1)  UroporphyrinogenI_c0[c0] <-> (4)  CO2_c0[c0] + (1)  CoproporphyrinogenI_c0[c0],rxn03384,UPPDC2,R04972,Porphyrin and chlorophyll metabolism,
rxn00997_c0,-,Cytosol_0,Unknown,Phenyllactate:NAD+ oxidoreductase_c0,,6.22,,(1)  cpd00003[c0] + (1)  cpd03331[c0] <-> (1)  cpd00004[c0] + (1)  cpd00067[c0] + (1)  cpd00143[c0],(1)  NAD_c0[c0] + (1)  PLCT_c0[c0] <-> (1)  NADH_c0[c0] + (1)  H+_c0[c0] + (1)  Phenylpyruvate_c0[c0],rxn00997,,R01370,"Phenylalanine metabolism|Tropane, piperidine and pyridine alkaloid biosynthesis",
rxn12054_c0,-,Cytosol_0,Unknown,2'-deoxyribonucleoside-diphosphate:trypanothione-disulfide 2'-oxidoreductase_c0,,9.67,,(1)  cpd00001[c0] + (1)  cpd02026[c0] + (1)  cpd02602[c0] <-> (1)  cpd01418[c0] + (1)  cpd12378[c0],(1)  H2O_c0[c0] + (1)  TSST_c0[c0] + (1)  2'-Deoxyribonucleoside diphosphate_c0[c0] <-> (1)  TSH_c0[c0] + (1)  Ribonucleoside diphosphate_c0[c0],rxn12054,,R08364,Glutathione metabolism,
rxn00998_c0,-,Cytosol_0,Unknown,Phenyllactate:NADP+ oxidoreductase_c0,,6.22,,(1)  cpd00006[c0] + (1)  cpd03331[c0] <-> (1)  cpd00005[c0] + (1)  cpd00067[c0] + (1)  cpd00143[c0],(1)  NADP_c0[c0] + (1)  PLCT_c0[c0] <-> (1)  NADPH_c0[c0] + (1)  H+_c0[c0] + (1)  Phenylpyruvate_c0[c0],rxn00998,,R01371,"Phenylalanine metabolism|Tropane, piperidine and pyridine alkaloid biosynthesis",
rxn11548_c0,-,Cytosol_0,Unknown,S-Adenosyl-L-methionine:tRNA guanine N1-methyltransferase_c0,,-6.74,,(1)  cpd00017[c0] + (1)  cpd11985[c0] <-> (1)  cpd00019[c0] + (1)  cpd00067[c0] + (1)  cpd12483[c0],(1)  S-Adenosyl-L-methionine_c0[c0] + (1)  tRNA guanine_c0[c0] <-> (1)  S-Adenosyl-homocysteine_c0[c0] + (1)  H+_c0[c0] + (1)  tRNA containing N1-methylguanine_c0[c0],rxn11548,,R00597,,
rxn00910_c0,-,Cytosol_0,Unknown,5-methyltetrahydrofolate:NADP+ oxidoreductase_c0,,3.79,,(1)  cpd00006[c0] + (1)  cpd00345[c0] <-> (1)  cpd00005[c0] + (1)  cpd00067[c0] + (1)  cpd00125[c0],(1)  NADP_c0[c0] + (1)  5-Methyltetrahydrofolate_c0[c0] <-> (1)  NADPH_c0[c0] + (1)  H+_c0[c0] + (1)  5-10-Methylenetetrahydrofolate_c0[c0],rxn00910,MTHFR1,R01224,One carbon pool by folate|Methane metabolism,
rxn00949_c0,-,Cytosol_0,Unknown,L-homocysteine hydrogen-sulfide-lyase (deaminating; 2-oxobutanoate-forming)_c0,,-7.77,,(1)  cpd00001[c0] + (1)  cpd00135[c0] <-> (1)  cpd00013[c0] + (1)  cpd00067[c0] + (1)  cpd00094[c0] + (1)  cpd00239[c0],(1)  H2O_c0[c0] + (1)  Homocysteine_c0[c0] <-> (1)  NH3_c0[c0] + (1)  H+_c0[c0] + (1)  2-Oxobutyrate_c0[c0] + (1)  H2S_c0[c0],rxn00949,,R01283,Sulfur metabolism,
rxn03373_c0,-,Cytosol_0,Unknown,ATP:selenate adenylyltransferase_c0,,-12.96,,(1)  cpd00002[c0] + (1)  cpd03396[c0] <-> (1)  cpd00012[c0] + (1)  cpd00067[c0] + (1)  cpd03388[c0],(1)  ATP_c0[c0] + (1)  Selenate_c0[c0] <-> (1)  PPi_c0[c0] + (1)  H+_c0[c0] + (1)  Adenylylselenate_c0[c0],rxn03373,,R04929,Selenocompound metabolism,Amino-Acid-Biosynthesis|Biosynthesis|Degradation|Detoxification|IND-AMINO-ACID-SYN|Noncarbon-Nutrients|Other-Amino-Acid-Biosynthesis
rxn03362_c0,-,Cytosol_0,Unknown,Aryl-formylamine amidohydrolase_c0,,-0.5,,(1)  cpd00001[c0] + (1)  cpd03359[c0] <-> (1)  cpd00047[c0] + (1)  cpd00067[c0] + (1)  cpd03362[c0],(1)  H2O_c0[c0] + (1)  5-Hydroxy-N-formylkynurenine_c0[c0] <-> (1)  Formate_c0[c0] + (1)  H+_c0[c0] + (1)  5-Hydroxykynurenine_c0[c0],rxn03362,,R04911,Tryptophan metabolism,
rxn02532_c0,-,Cytosol_0,Unknown,"Gallate:oxygen 3,4-oxidoreductase (decyclizing)_c0",,-105.0,,(1)  cpd00007[c0] + (1)  cpd01020[c0] <-> (1)  cpd00001[c0] + (1)  cpd00067[c0] + (1)  cpd02304[c0],"(1)  O2_c0[c0] + (1)  Gallate_c0[c0] <-> (1)  H2O_c0[c0] + (1)  H+_c0[c0] + (1)  2-Pyrone-4,6-dicarboxylate_c0[c0]",rxn02532,,R03549,,AROMATIC-COMPOUNDS-DEGRADATION|Degradation|GALLATE-DEG|GALLATE-DEGRADATION-I-PWY
rxn01523_c0,-,Cytosol_0,Unknown,Urate:oxygen oxidoreductase_c0,,-0.64,,(1)  cpd00001[c0] + (1)  cpd00007[c0] + (1)  cpd00300[c0] <-> (1)  cpd00025[c0] + (1)  cpd08625[c0],(1)  H2O_c0[c0] + (1)  O2_c0[c0] + (1)  Urate_c0[c0] <-> (1)  H2O2_c0[c0] + (1)  5-Hydroxyisourate_c0[c0],rxn01523,,R02106,Purine metabolism,AROMATIC-COMPOUNDS-DEGRADATION|Biosynthesis|Degradation|P165-PWY|Polyamine-Biosynthesis|URSIN-PWY|Urate-Degradation
rxn01739_c0,-,Cytosol_0,Unknown,ATP:shikimate 3-phosphotransferase_c0,2.7.1.71,-14.03,,(1)  cpd00002[c0] + (1)  cpd00383[c0] <-> (1)  cpd00008[c0] + (1)  cpd00067[c0] + (1)  cpd02030[c0],(1)  ATP_c0[c0] + (1)  Shikimate_c0[c0] <-> (1)  ADP_c0[c0] + (1)  H+_c0[c0] + (1)  3-phosphoshikimate_c0[c0],rxn01739,ARO1_4,R02412,"Phenylalanine, tyrosine and tryptophan biosynthesis",ALL-CHORISMATE-PWY|ARO-PWY|AROMATIC-COMPOUNDS-BIOSYN|Amino-Acid-Biosynthesis|Biosynthesis|COMPLETE-ARO-PWY|Chorismate-Biosynthesis
rxn00361_c0,-,Cytosol_0,Unknown,ATP:adenylylsulfate 3'-phosphotransferase_c0,,-14.03,,(1)  cpd00002[c0] + (1)  cpd00193[c0] <-> (1)  cpd00008[c0] + (1)  cpd00044[c0] + (1)  cpd00067[c0],(1)  ATP_c0[c0] + (1)  APS_c0[c0] <-> (1)  ADP_c0[c0] + (1)  3-phosphoadenylylsulfate_c0[c0] + (1)  H+_c0[c0],rxn00361,ADSK,R00509,Purine metabolism|Sulfur metabolism,Activation|Activation-Inactivation-Interconversion|Amino-Acid-Biosynthesis|Biosynthesis|Degradation|IND-AMINO-ACID-SYN|METHIONINE-SYN|Noncarbon-Nutrients|SO4ASSIM-PWY|SULFATE-CYS-PWY|Sulfate-Reduction|Sulfur-Assimilation
rxn01906_c0,-,Cytosol_0,Unknown,3-sulfino-L-alanine:2-oxoglutarate aminotransferase_c0,,0.0,,(1)  cpd00024[c0] + (1)  cpd00467[c0] <-> (1)  cpd00023[c0] + (1)  cpd03284[c0],(1)  2-Oxoglutarate_c0[c0] + (1)  3-Sulfinoalanine_c0[c0] <-> (1)  L-Glutamate_c0[c0] + (1)  3-Sulfinopyruvate_c0[c0],rxn01906,,R02619,Cysteine and methionine metabolism,Amino-Acid-Degradation|CYSTEINE-DEG|CYSTEINE-DEG-PWY|Degradation|METHIONINE-DEG
rxn04264_c0,-,Cytosol_0,Unknown,"limonene 1,2-monooxygenase_c0",,-103.68,,(1)  cpd00004[c0] + (1)  cpd00007[c0] + (1)  cpd00067[c0] + (1)  cpd03638[c0] <-> (1)  cpd00001[c0] + (1)  cpd00003[c0] + (1)  cpd04490[c0],(1)  NADH_c0[c0] + (1)  O2_c0[c0] + (1)  H+_c0[c0] + (1)  (+) -Limonene_c0[c0] <-> (1)  H2O_c0[c0] + (1)  NAD_c0[c0] + (1)  Limonene oxide_c0[c0],rxn04264,,R06398,Limonene and pinene degradation,
rxn06439_c0,-,Cytosol_0,Unknown,L-Histidine:tRNA(His) ligase (AMP-forming)_c0,,,,(1)  cpd00002[c0] + (1)  cpd00119[c0] + (1)  cpd11914[c0] <-> (1)  cpd00012[c0] + (1)  cpd00018[c0] + (1)  cpd00067[c0] + (1)  cpd12228[c0],(1)  ATP_c0[c0] + (1)  L-Histidine_c0[c0] + (1)  tRNA(His) _c0[c0] <-> (1)  PPi_c0[c0] + (1)  AMP_c0[c0] + (1)  H+_c0[c0] + (1)  L-Histidyl-tRNA(His) _c0[c0],rxn06439,HISTRS,R03655,Aminoacyl-tRNA biosynthesis,
rxn07462_c0,-,Cytosol_0,Unknown,"2-trans,6-trans-farnesyl-diphosphate diphosphate-lyase [(1E,4S,5E,7R)-germacra-1(10),5-dien-11-ol-forming]_c0",,,,(1)  cpd00001[c0] + (1)  cpd00350[c0] <-> (1)  cpd00012[c0] + (1)  cpd00067[c0] + (1)  cpd14864[c0],(1)  H2O_c0[c0] + (1)  Farnesyldiphosphate_c0[c0] <-> (1)  PPi_c0[c0] + (1)  H+_c0[c0] + (1)  Germacradienol_c0[c0],rxn07462,,R07647,Sesquiterpenoid and triterpenoid biosynthesis,Biosynthesis|SECONDARY-METABOLITE-BIOSYNTHESIS|SESQUITERPENOID-SYN|Terpenoid-Biosynthesis
rxn02212_c0,>,Cytosol_0,Unknown,2-Dehydro-3-deoxy-D-arabino-heptonate 7-phosphate phosphate-lyase (cyclyzing)_c0,4.2.3.4,-7.4,,(1)  cpd02857[c0] -> (1)  cpd00009[c0] + (1)  cpd00699[c0],(1)  DAHP_c0[c0] -> (1)  Phosphate_c0[c0] + (1)  5-Dehydroquinate_c0[c0],rxn02212,ARO1_1,R03083,"Phenylalanine, tyrosine and tryptophan biosynthesis",3-Dehydroquinate-Biosynthesis|ALL-CHORISMATE-PWY|ARO-PWY|AROMATIC-COMPOUNDS-BIOSYN|Amino-Acid-Biosynthesis|Biosynthesis|COMPLETE-ARO-PWY|Chorismate-Biosynthesis
rxn06112_c0,-,Cytosol_0,Unknown,Penicillin amidohydrolase_c0,,-24.29,,(1)  cpd00001[c0] + (1)  cpd11668[c0] <-> (1)  cpd00049[c0] + (1)  cpd00067[c0] + (1)  cpd01896[c0],(1)  H2O_c0[c0] + (1)  Penam_c0[c0] <-> (1)  Carboxylic acid_c0[c0] + (1)  H+_c0[c0] + (1)  6-Aminopenicillanate_c0[c0],rxn06112,,R02170,Penicillin and cephalosporin biosynthesis,
rxn03958_c0,-,Cytosol_0,Unknown,1-Deoxy-D-xylulose-5-phosphate isomeroreductase_c0,,5.18,,(1)  cpd00006[c0] + (1)  cpd08286[c0] <-> (1)  cpd00005[c0] + (1)  cpd00067[c0] + (1)  cpd08289[c0],(1)  NADP_c0[c0] + (1)  2-C-methyl-D-erythritol4-phosphate_c0[c0] <-> (1)  NADPH_c0[c0] + (1)  H+_c0[c0] + (1)  1-deoxy-D-xylulose5-phosphate_c0[c0],rxn03958,DXPRI,R05688,Terpenoid backbone biosynthesis,Biosynthesis|Cofactor-Biosynthesis|DITERPENOID-SYN|GGPP-Biosynthesis|NONMEVIPP-PWY|Other-biosynthesis|Polyprenyl-Biosynthesis|SECONDARY-METABOLITE-BIOSYNTHESIS|Terpenoid-Biosynthesis
rxn00957_c0,-,Cytosol_0,Unknown,4-hydroxybenzaldehyde:NAD+ oxidoreductase_c0,,-9.8,,(1)  cpd00001[c0] + (1)  cpd00003[c0] + (1)  cpd00484[c0] <-> (1)  cpd00004[c0] + (2)  cpd00067[c0] + (1)  cpd00136[c0],(1)  H2O_c0[c0] + (1)  NAD_c0[c0] + (1)  p-Hydroxybenzaldehyde_c0[c0] <-> (1)  NADH_c0[c0] + (2)  H+_c0[c0] + (1)  4-Hydroxybenzoate_c0[c0],rxn00957,VNDH-2,R01293,Toluene degradation|Aminobenzoate degradation,4-HYDROXYMANDELATE-DEGRADATION-PWY|4-Hydroxybenzoate-Biosynthesis|AROMATIC-COMPOUNDS-BIOSYN|AROMATIC-COMPOUNDS-DEGRADATION|Biosynthesis|Degradation|Phenolic-Compounds-Degradation|TOLUENE-DEG|TOLUENE-DEG-4-OH-PWY
rxn03038_c0,>,Cytosol_0,Unknown,R04376_c0,,-72.91,,(1)  cpd00007[c0] + (1)  cpd02501[c0] -> (1)  cpd00067[c0] + (1)  cpd02731[c0],"(1)  O2_c0[c0] + (1)  2,3-Dihydroxyphenylpropanoate_c0[c0] -> (1)  H+_c0[c0] + (1)  2-Hydroxy-6-oxonona-2,4-diene-1,9-dioate_c0[c0]",rxn03038,HPPPNDO,R04376,Phenylalanine metabolism,AROMATIC-COMPOUNDS-DEGRADATION|Degradation|HCAMHPDEG-PWY|PWY0-1277|Phenolic-Compounds-Degradation
rxn02103_c0,-,Cytosol_0,Unknown,(S)-Ureidoglycolate:NADP+ oxidoreductase_c0,,6.22,,(1)  cpd00006[c0] + (1)  cpd00465[c0] <-> (1)  cpd00005[c0] + (1)  cpd00067[c0] + (1)  cpd00596[c0],(1)  NADP_c0[c0] + (1)  Ureidoglycolate_c0[c0] <-> (1)  NADPH_c0[c0] + (1)  H+_c0[c0] + (1)  Oxalurate_c0[c0],rxn02103,,R02936,Purine metabolism,AMINE-DEG|Allantoin-degradation|Degradation|PWY0-41
rxn00103_c0,-,Cytosol_0,Unknown,formate:NADP+ oxidoreductase_c0,,-3.09,,(1)  cpd00006[c0] + (1)  cpd00047[c0] <-> (1)  cpd00005[c0] + (1)  cpd00011[c0],(1)  NADP_c0[c0] + (1)  Formate_c0[c0] <-> (1)  NADPH_c0[c0] + (1)  CO2_c0[c0],rxn00103,,R00134,Methane metabolism|Carbon fixation pathways in prokaryotes,Autotrophic-CO2-Fixation|Biosynthesis|C1-COMPOUNDS|CARBO-BIOSYNTHESIS|CHLORINATED-COMPOUNDS-DEG|CO2-Fixation|CODH-PWY|Carbohydrates-Biosynthesis|Carbon-tetrachloride-degradation|Degradation|Gluconeogenesis
rxn03052_c0,-,Cytosol_0,Unknown,5-Methyltetrahydropteroyltri-L-glutamate:L-homocysteine S-methyltransferase_c0,,-6.41,,(1)  cpd00135[c0] + (1)  cpd02738[c0] <-> (1)  cpd00060[c0] + (1)  cpd02555[c0],(1)  Homocysteine_c0[c0] + (1)  5-Methyltetrahydropteroyltri-L-glutamate_c0[c0] <-> (1)  L-Methionine_c0[c0] + (1)  Tetrahydropteroyltri-L-glutamate_c0[c0],rxn03052,MET6,R04405,Cysteine and methionine metabolism,
rxn00295_c0,-,Cytosol_0,Unknown,UDP-N-acetyl-D-glucosamine 4-epimerase_c0,5.1.3.7,0.0,,(1)  cpd00037[c0] <-> (1)  cpd00175[c0],(1)  UDP-N-acetylglucosamine_c0[c0] <-> (1)  UDP-N-acetyl-D-galactosamine_c0[c0],rxn00295,UAG4E,R00418,Amino sugar and nucleotide sugar metabolism,Biosynthesis|Cell-Structure-Biosynthesis|Polyamine-Biosynthesis|UDP-Nac-Galactosamine-Biosynthesis
rxn03092_c0,-,Cytosol_0,Unknown,"4-Carboxy-2-oxo-3-hexenedioate delta2,delta4-2-oxo,delta3-isomerase_c0",,4.95,,(1)  cpd03178[c0] <-> (1)  cpd02717[c0],"(1)  4-Carboxy-2-oxo-3-hexenedioate_c0[c0] <-> (1)  4-Carboxy-2-hydroxyhexa-2,4-dienedioate_c0[c0]",rxn03092,,R04482,,
rxn00566_c0,>,Cytosol_0,Unknown,L-Cysteine hydrogen-sulfide-lyase (deaminating; pyruvate-forming)_c0,,-7.77,,(1)  cpd00001[c0] + (1)  cpd00084[c0] -> (1)  cpd00013[c0] + (1)  cpd00020[c0] + (1)  cpd00067[c0] + (1)  cpd00239[c0],(1)  H2O_c0[c0] + (1)  L-Cysteine_c0[c0] -> (1)  NH3_c0[c0] + (1)  Pyruvate_c0[c0] + (1)  H+_c0[c0] + (1)  H2S_c0[c0],rxn00566,,R00782,Cysteine and methionine metabolism,Amino-Acid-Degradation|CYSTEINE-DEG|Degradation|LCYSDEG-PWY
rxn02676_c0,-,Cytosol_0,Unknown,L-Rhamnonate hydro-lyase_c0,4.2.1.90,-8.17,,(1)  cpd01328[c0] <-> (1)  cpd00001[c0] + (1)  cpd02467[c0],(1)  L-Rhamnonate_c0[c0] <-> (1)  H2O_c0[c0] + (1)  2-Dehydro-3-deoxy-L-rhamnonate_c0[c0],rxn02676,,R03774,Fructose and mannose metabolism,Carbohydrates-Degradation|Degradation|L-rhamnose-Degradation|Sugars-And-Polysaccharides
rxn06678_c0,-,Cytosol_0,Unknown,Protein-N(pai)-phosphohistidine:sugar N(pai)-phosphotransferase_c0,,-42.48,,(1)  cpd01030[c0] + (1)  cpd12508[c0] <-> (1)  cpd03698[c0] + (1)  cpd11712[c0],(1)  Salicin_c0[c0] + (1)  Protein N-pros-phosphohistidine_c0[c0] <-> (1)  Salicin-6P_c0[c0] + (1)  Protein histidine_c0[c0],rxn06678,,R04394,Glycolysis / Gluconeogenesis,
rxn03440_c0,-,Cytosol_0,Unknown,R05076_c0,,0.05,,(1)  cpd03588[c0] <-> (1)  cpd00001[c0] + (1)  cpd03589[c0],(1)  L-erythro-3-Methylmalyl-CoA_c0[c0] <-> (1)  H2O_c0[c0] + (1)  Mesaconyl-CoA_c0[c0],rxn03440,,R05076,Glyoxylate and dicarboxylate metabolism|C5-Branched dibasic acid metabolism|Carbon fixation pathways in prokaryotes,
rxn01675_c0,-,Cytosol_0,Unknown,dTTP:alpha-D-glucose-1-phosphate thymidylyltransferase_c0,,1.07,,(1)  cpd00089[c0] + (1)  cpd00357[c0] <-> (1)  cpd00012[c0] + (1)  cpd00626[c0],(1)  Glucose-1-phosphate_c0[c0] + (1)  TTP_c0[c0] <-> (1)  PPi_c0[c0] + (1)  dTDPglucose_c0[c0],rxn01675,G1PTMT,R02328,Streptomycin biosynthesis|Polyketide sugar unit biosynthesis,Antibiotic-Biosynthesis|Biosynthesis|CARBO-BIOSYNTHESIS|Carbohydrates-Biosynthesis|Cell-Structure-Biosynthesis|Cell-Wall-Biosynthesis|DTDPRHAMSYN-PWY|ECASYN-PWY|Lipopolysaccharide-Biosynthesis|O-Antigen-Biosynthesis|OANTIGEN-PWY|Rhamnose-Biosynthesis|SECONDARY-METABOLITE-BIOSYNTHESIS|SUGAR-NUCLEOTIDES
rxn00324_c0,-,Cytosol_0,Unknown,glycolate:NADP+ oxidoreductase_c0,,7.68,,(1)  cpd00006[c0] + (1)  cpd00139[c0] <-> (1)  cpd00005[c0] + (1)  cpd00040[c0] + (1)  cpd00067[c0],(1)  NADP_c0[c0] + (1)  Glycolate_c0[c0] <-> (1)  NADPH_c0[c0] + (1)  Glyoxalate_c0[c0] + (1)  H+_c0[c0],rxn00324,GLYCLTDy,R00465,Glyoxylate and dicarboxylate metabolism,
rxn01454_c0,<,Cytosol_0,Unknown,"acetyl-CoA:acetoacetyl-CoA C-acetyltransferase (thioester-hydrolysing, carboxymethyl-forming)_c0",2.3.3.10|4.1.3.5,6.47,,(1)  cpd00010[c0] + (1)  cpd00067[c0] + (1)  cpd00292[c0] <- (1)  cpd00001[c0] + (1)  cpd00022[c0] + (1)  cpd00279[c0],(1)  CoA_c0[c0] + (1)  H+_c0[c0] + (1)  HMG-CoA_c0[c0] <- (1)  H2O_c0[c0] + (1)  Acetyl-CoA_c0[c0] + (1)  Acetoacetyl-CoA_c0[c0],rxn01454,HMGCOAS,R01978,"Synthesis and degradation of ketone bodies|Valine, leucine and isoleucine degradation|Butanoate metabolism|Terpenoid backbone biosynthesis",Biosynthesis|Cofactor-Biosynthesis|DITERPENOID-SYN|ERGOSTEROL-SYN-PWY|Energy-Metabolism|GGPP-Biosynthesis|ISOPRENOIDS|Lipid-Biosynthesis|OTHER-ENERGY|PWY66-367|PWY66-5|Polyprenyl-Biosynthesis|SECONDARY-METABOLITE-BIOSYNTHESIS|Sterol-Biosynthesis|Terpenoid-Biosynthesis
rxn05058_c0,-,Cytosol_0,Unknown,"GTP 8,9-hydrolase (phosphate-forming)_c0",3.5.4.29,-32.96,,(3)  cpd00001[c0] + (1)  cpd00038[c0] <-> (2)  cpd00009[c0] + (2)  cpd00067[c0] + (1)  cpd11231[c0],(3)  H2O_c0[c0] + (1)  GTP_c0[c0] <-> (2)  Phosphate_c0[c0] + (2)  H+_c0[c0] + (1)  2-Amino-5-formylamino-6-(5-phosphoribosylamino) pyrimidin-4(3H) -one_c0[c0],rxn05058,,R07306,Riboflavin metabolism,Biosynthesis|Cofactor-Biosynthesis|Flavin-Biosynthesis|Vitamin-Biosynthesis
rxn02393_c0,-,Cytosol_0,Unknown,(R)-3-(4-hydroxyphenyl)lactate:NAD+ 2-oxidoreductase_c0,,6.22,,(1)  cpd00003[c0] + (1)  cpd02461[c0] <-> (1)  cpd00004[c0] + (1)  cpd00067[c0] + (1)  cpd00868[c0],(1)  NAD_c0[c0] + (1)  (R) -3-(4-Hydroxyphenyl) lactate_c0[c0] <-> (1)  NADH_c0[c0] + (1)  H+_c0[c0] + (1)  p-hydroxyphenylpyruvate_c0[c0],rxn02393,,R03337,,Biosynthesis|CINNAMATE-SYN|PHENYLPROPANOID-SYN|SECONDARY-METABOLITE-BIOSYNTHESIS
rxn03040_c0,-,Cytosol_0,Unknown,"5-Carboxymethyl-2-hydroxymuconate delta2,delta4-2-oxo,delta3-isomerase_c0",,-4.39,,(1)  cpd02572[c0] <-> (1)  cpd02507[c0],(1)  5-Carboxymethyl-2-hydroxymuconate_c0[c0] <-> (1)  5-Carboxy-2-oxohept-3-enedioate_c0[c0],rxn03040,5CMHMISO,R04379,Tyrosine metabolism,3-HYDROXYPHENYLACETATE-DEGRADATION-PWY|AROMATIC-COMPOUNDS-DEGRADATION|Degradation
rxn01740_c0,-,Cytosol_0,Unknown,Shikimate:NADP+ 3-oxidoreductase_c0,,0.75,,(1)  cpd00006[c0] + (1)  cpd00383[c0] <-> (1)  cpd00005[c0] + (1)  cpd00067[c0] + (1)  cpd01716[c0],(1)  NADP_c0[c0] + (1)  Shikimate_c0[c0] <-> (1)  NADPH_c0[c0] + (1)  H+_c0[c0] + (1)  3-Dehydroshikimate_c0[c0],rxn01740,ARO1_3,R02413,"Phenylalanine, tyrosine and tryptophan biosynthesis",ALL-CHORISMATE-PWY|ARO-PWY|AROMATIC-COMPOUNDS-BIOSYN|Amino-Acid-Biosynthesis|Biosynthesis|COMPLETE-ARO-PWY|Chorismate-Biosynthesis
rxn00968_c0,-,Cytosol_0,Unknown,"2,4'-dihydroxyacetophenone oxidoreductase (C-C-bond-cleaving)_c0",1.13.11.41,-121.7,,(1)  cpd00007[c0] + (1)  cpd02300[c0] <-> (1)  cpd00047[c0] + (2)  cpd00067[c0] + (1)  cpd00136[c0],(1)  O2_c0[c0] + (1)  Resacetophenone_c0[c0] <-> (1)  Formate_c0[c0] + (2)  H+_c0[c0] + (1)  4-Hydroxybenzoate_c0[c0],rxn00968,,R01305,Bisphenol degradation,
rxn01013_c0,-,Cytosol_0,Unknown,D-Glycerate:NADP+ 2-oxidoreductase_c0,,6.22,,(1)  cpd00006[c0] + (1)  cpd00223[c0] <-> (1)  cpd00005[c0] + (1)  cpd00067[c0] + (1)  cpd00145[c0],(1)  NADP_c0[c0] + (1)  Glycerate_c0[c0] <-> (1)  NADPH_c0[c0] + (1)  H+_c0[c0] + (1)  Hydroxypyruvate_c0[c0],rxn01013,HPYRRy,R01392,"Glycine, serine and threonine metabolism|Glyoxylate and dicarboxylate metabolism",C1-COMPOUNDS|Degradation|Formaldehyde-Assimilation
rxn02395_c0,-,Cytosol_0,Unknown,(R)-3-(4-hydroxyphenyl)lactate:NADP+ 2-oxidoreductase_c0,,6.22,,(1)  cpd00006[c0] + (1)  cpd02461[c0] <-> (1)  cpd00005[c0] + (1)  cpd00067[c0] + (1)  cpd00868[c0],(1)  NADP_c0[c0] + (1)  (R) -3-(4-Hydroxyphenyl) lactate_c0[c0] <-> (1)  NADPH_c0[c0] + (1)  H+_c0[c0] + (1)  p-hydroxyphenylpyruvate_c0[c0],rxn02395,,R03339,,Biosynthesis|CINNAMATE-SYN|PHENYLPROPANOID-SYN|SECONDARY-METABOLITE-BIOSYNTHESIS
rxn02260_c0,-,Cytosol_0,Unknown,R03157_c0,,1.06,,(1)  cpd00008[c0] + (1)  cpd00009[c0] + (1)  cpd03375[c0] <-> (1)  cpd00002[c0] + (1)  cpd00010[c0] + (1)  cpd00067[c0] + (1)  cpd00745[c0],(1)  ADP_c0[c0] + (1)  Phosphate_c0[c0] + (1)  3-Hydroxypropanoyl-CoA_c0[c0] <-> (1)  ATP_c0[c0] + (1)  CoA_c0[c0] + (1)  H+_c0[c0] + (1)  Hydracrylic acid_c0[c0],rxn02260,,R03157,Propanoate metabolism,
rxn02181_c0,-,Cytosol_0,Unknown,3-Hydroxypropionyl-CoA hydro-lyase_c0,4.2.1.116,-0.31,,(1)  cpd03375[c0] <-> (1)  cpd00001[c0] + (1)  cpd00663[c0],(1)  3-Hydroxypropanoyl-CoA_c0[c0] <-> (1)  H2O_c0[c0] + (1)  Acrylyl-CoA_c0[c0],rxn02181,,R03045,beta-Alanine metabolism|Propanoate metabolism|Carbon fixation pathways in prokaryotes,Amino-Acid-Biosynthesis|Autotrophic-CO2-Fixation|Beta-Alanine-Biosynthesis|Biosynthesis|C1-COMPOUNDS|CO2-Fixation|CoA-Biosynthesis|Cofactor-Biosynthesis|Degradation|IND-AMINO-ACID-SYN|Other-Degradation
rxn03935_c0,-,Cytosol_0,Unknown,R05664_c0,,-9.8,,(1)  cpd00001[c0] + (1)  cpd00006[c0] + (1)  cpd04447[c0] <-> (1)  cpd00005[c0] + (2)  cpd00067[c0] + (1)  cpd04449[c0],(1)  H2O_c0[c0] + (1)  NADP_c0[c0] + (1)  m-Tolualdehyde_c0[c0] <-> (1)  NADPH_c0[c0] + (2)  H+_c0[c0] + (1)  m-toluate_c0[c0],rxn03935,,R05664,Xylene degradation,
rxn01204_c0,-,Cytosol_0,Unknown,4-aminobutanoate:2-oxoglutarate aminotransferase_c0,,-1.0,,(1)  cpd00024[c0] + (1)  cpd00281[c0] <-> (1)  cpd00023[c0] + (1)  cpd00199[c0],(1)  2-Oxoglutarate_c0[c0] + (1)  GABA_c0[c0] <-> (1)  L-Glutamate_c0[c0] + (1)  4-Oxobutanoate_c0[c0],rxn01204,ABTA,R01648,"Alanine, aspartate and glutamate metabolism|Butanoate metabolism",4-Aminobutyraye-Degradation|4AMINOBUTMETAB-PWY|AMINE-DEG|ARGDEG-PWY|ARGININE-DEG|Amino-Acid-Degradation|Degradation|GLUDEG-I-PWY|GLUTAMATE-DEG|Nicotine-Degradation|ORNARGDEG-PWY|Other-Degradation|P181-PWY|PWY3O-210
rxn01606_c0,-,Cytosol_0,Unknown,trans-Aconitate delta2-delta3-isomerase_c0,5.3.3.7,0.0,,(1)  cpd01563[c0] <-> (1)  cpd00331[c0],(1)  trans-Aconitate_c0[c0] <-> (1)  cis-Aconitate_c0[c0],rxn01606,ACONIs,R02244,,
rxn02143_c0,-,Cytosol_0,Unknown,Succinyl-CoA:3-oxoadipate CoA-transferase_c0,,47.65,,(5)  cpd00067[c0] + (1)  cpd00078[c0] + (1)  cpd00630[c0] <-> (1)  cpd00036[c0] + (1)  cpd01507[c0],(5)  H+_c0[c0] + (1)  Succinyl-CoA_c0[c0] + (1)  3-Oxoadipate_c0[c0] <-> (1)  Succinate_c0[c0] + (1)  3-Oxoadipyl-CoA_c0[c0],rxn02143,3OADPCOAT,R02990,Benzoate degradation,AROMATIC-COMPOUNDS-DEGRADATION|CARBOXYLATES-DEG|Catechol-Degradation|Degradation|MANDELATE-DEG|TOLUENE-DEG
rxn04154_c0,-,Cytosol_0,Unknown,"magnesium-protoporphyrin-IX 13-monomethyl ester,NADPH:oxygen oxidoreductase (hydroxylating)_c0",,,,(1)  cpd00005[c0] + (1)  cpd00007[c0] + (1)  cpd08630[c0] <-> (2)  cpd00001[c0] + (1)  cpd00006[c0] + (1)  cpd08631[c0],(1)  NADPH_c0[c0] + (1)  O2_c0[c0] + (1)  13(1) -Oxo-Mg-protoporphyrin IX 13-monomethyl ester_c0[c0] <-> (2)  H2O_c0[c0] + (1)  NADP_c0[c0] + (1)  Divinylprotochlorophyllide_c0[c0],rxn04154,,R06267,Porphyrin and chlorophyll metabolism,Biosynthesis|CHLOROPHYLL-SYN|Chlorophyll-Biosynthesis|Chlorophyllide-a-Biosynthesis|Cofactor-Biosynthesis|Porphyrin-Compounds-Biosynthesis
rxn01008_c0,-,Cytosol_0,Unknown,UDP-glucuronate 4-epimerase_c0,,0.0,,(1)  cpd00144[c0] <-> (1)  cpd00472[c0],(1)  UDPglucuronate_c0[c0] <-> (1)  UDPgalacturonate_c0[c0],rxn01008,GLCURE,R01385,Starch and sucrose metabolism|Amino sugar and nucleotide sugar metabolism,Activation-Inactivation-Interconversion|Ascorbate-Biosynthesis|Biosynthesis|CARBO-BIOSYNTHESIS|Carbohydrates-Biosynthesis|Cofactor-Biosynthesis|Interconversion|SUGAR-NUCLEOTIDES|Vitamin-Biosynthesis
rxn00971_c0,-,Cytosol_0,Unknown,Citrate:CoA ligase (ADP-forming)_c0,6.2.1.18,-1.06,,(1)  cpd00002[c0] + (1)  cpd00010[c0] + (1)  cpd00067[c0] + (1)  cpd00137[c0] <-> (1)  cpd00008[c0] + (1)  cpd00009[c0] + (1)  cpd00442[c0],(1)  ATP_c0[c0] + (1)  CoA_c0[c0] + (1)  H+_c0[c0] + (1)  Citrate_c0[c0] <-> (1)  ADP_c0[c0] + (1)  Phosphate_c0[c0] + (1)  (3S) -Citryl-CoA_c0[c0],rxn00971,,R01322,Carbon fixation pathways in prokaryotes,Autotrophic-CO2-Fixation|C1-COMPOUNDS|CO2-Fixation|Degradation|Reductive-TCA-Cycles
rxn02363_c0,>,Cytosol_0,Unknown,"3-Hydroxyphenylacetate,NADH:oxygen oxidoreductase (3-hydroxylating)_c0",,-95.83,,(1)  cpd00004[c0] + (1)  cpd00007[c0] + (1)  cpd00067[c0] + (1)  cpd03320[c0] -> (1)  cpd00001[c0] + (1)  cpd00003[c0] + (1)  cpd00854[c0],(1)  NADH_c0[c0] + (1)  O2_c0[c0] + (1)  H+_c0[c0] + (1)  3-Hydroxyphenylacetate_c0[c0] -> (1)  H2O_c0[c0] + (1)  NAD_c0[c0] + (1)  Homoprotocatechuate_c0[c0],rxn02363,,R03299,Tyrosine metabolism,
rxn03372_c0,-,Cytosol_0,Unknown,ATP:adenylylsulfate 3'-phosphotransferase_c0,,-14.03,,(1)  cpd00002[c0] + (1)  cpd03388[c0] <-> (1)  cpd00008[c0] + (1)  cpd00067[c0] + (1)  cpd03395[c0],(1)  ATP_c0[c0] + (1)  Adenylylselenate_c0[c0] <-> (1)  ADP_c0[c0] + (1)  H+_c0[c0] + (1)  3'-Phosphoadenylylselenate_c0[c0],rxn03372,,R04928,,
rxn03085_c0,-,Cytosol_0,Unknown,"5,10-Methylenetetrahydromethanopterin:coenzyme-F420 oxidoreductase_c0",,1.21,,(1)  cpd00792[c0] + (1)  cpd02679[c0] <-> (1)  cpd00649[c0] + (1)  cpd02737[c0],"(1)  Reduced coenzyme F420_c0[c0] + (1)  5,10-Methylenetetrahydromethanopterin_c0[c0] <-> (1)  Coenzyme F420_c0[c0] + (1)  5-Methyl-H4MPT_c0[c0]",rxn03085,,R04464,Methane metabolism,
rxn07807_c0,-,Cytosol_0,Unknown,R08017_c0,,,,(2)  cpd00004[c0] + (2)  cpd00067[c0] + (1)  cpd15097[c0] <-> (1)  cpd00001[c0] + (2)  cpd00003[c0] + (1)  cpd15098[c0],"(2)  NADH_c0[c0] + (2)  H+_c0[c0] + (1)  Trinitrotoluene_c0[c0] <-> (1)  H2O_c0[c0] + (2)  NAD_c0[c0] + (1)  4-Hydroxylamino-2,6-dinitrotoluene_c0[c0]",rxn07807,,R08017,Nitrotoluene degradation,
rxn00527_c0,-,Cytosol_0,Unknown,L-tyrosine:2-oxoglutarate aminotransferase_c0,,0.0,,(1)  cpd00024[c0] + (1)  cpd00069[c0] <-> (1)  cpd00023[c0] + (1)  cpd00868[c0],(1)  2-Oxoglutarate_c0[c0] + (1)  L-Tyrosine_c0[c0] <-> (1)  L-Glutamate_c0[c0] + (1)  p-hydroxyphenylpyruvate_c0[c0],rxn00527,AAT1_2,R00734,"Ubiquinone and other terpenoid-quinone biosynthesis|Tyrosine metabolism|Phenylalanine, tyrosine and tryptophan biosynthesis|Novobiocin biosynthesis|Isoquinoline alkaloid biosynthesis",ALKALOIDS-SYN|ALL-CHORISMATE-PWY|AROMATIC-COMPOUNDS-BIOSYN|Amino-Acid-Biosynthesis|Amino-Acid-Degradation|Biosynthesis|CINNAMATE-SYN|COMPLETE-ARO-PWY|Cofactor-Biosynthesis|Degradation|IND-AMINO-ACID-SYN|ISOQUINOLINE-ALKALOIDS|N-CONTAINING-SECONDARY-CMPD-SYN|PHENYLPROPANOID-SYN|PWY3O-4108|Plastoquinone-Biosynthesis|Quinone-Biosynthesis|S-Reticuline-Biosynthesis|SECONDARY-METABOLITE-BIOSYNTHESIS|TYRFUMCAT-PWY|TYROSINE-DEG|TYROSINE-SYN|TYRSYN
rxn00657_c0,-,Cytosol_0,Unknown,beta-alanine:2-oxoglutarate aminotransferase_c0,,-1.0,,(1)  cpd00024[c0] + (1)  cpd00085[c0] <-> (1)  cpd00023[c0] + (1)  cpd00191[c0],(1)  2-Oxoglutarate_c0[c0] + (1)  beta-Alanine_c0[c0] <-> (1)  L-Glutamate_c0[c0] + (1)  3-Oxopropanoate_c0[c0],rxn00657,,R00908,beta-Alanine metabolism|Propanoate metabolism,Amino-Acid-Degradation|BETA-ALA-DEGRADATION-I-PWY|Beta-Alanine-Degradation|Degradation
rxn00966_c0,<,Cytosol_0,Unknown,chorismate pyruvate-lyase (4-hydroxybenzoate-forming)_c0,4.1.3.40,35.73,,(1)  cpd00020[c0] + (1)  cpd00136[c0] <- (1)  cpd00216[c0],(1)  Pyruvate_c0[c0] + (1)  4-Hydroxybenzoate_c0[c0] <- (1)  Chorismate_c0[c0],rxn00966,CHRPL,R01302,Ubiquinone and other terpenoid-quinone biosynthesis,4-Hydroxybenzoate-Biosynthesis|ALL-CHORISMATE-PWY|AROMATIC-COMPOUNDS-BIOSYN|Biosynthesis|Cofactor-Biosynthesis|PWY3O-1109|Quinone-Biosynthesis|UBISYN-PWY|Ubiquinone-Biosynthesis
rxn01999_c0,-,Cytosol_0,Unknown,"dTDP-4-amino-4,6-dideoxy-D-glucose:2-oxoglutarate aminotransferase_c0",,-3.92,,(1)  cpd00024[c0] + (1)  cpd02616[c0] <-> (1)  cpd00023[c0] + (1)  cpd00521[c0],"(1)  2-Oxoglutarate_c0[c0] + (1)  dTDP-4-amino-4,6-dideoxy-D-glucose_c0[c0] <-> (1)  L-Glutamate_c0[c0] + (1)  dTDP-4-oxo-6-deoxy-D-glucose_c0[c0]",rxn01999,,R02773,Polyketide sugar unit biosynthesis,Antibiotic-Biosynthesis|Biosynthesis|CARBO-BIOSYNTHESIS|Carbohydrates-Biosynthesis|SECONDARY-METABOLITE-BIOSYNTHESIS|SUGAR-NUCLEOTIDES
rxn14173_c0,-,Cytosol_0,Unknown,nitrite:(acceptor) oxidoreductase_c0,,19.92,,(1)  cpd00001[c0] + (1)  cpd00075[c0] + (2)  cpd00109[c0] <-> (2)  cpd00067[c0] + (2)  cpd00110[c0] + (1)  cpd00209[c0],(1)  H2O_c0[c0] + (1)  Nitrite_c0[c0] + (2)  Cytochrome c3+_c0[c0] <-> (2)  H+_c0[c0] + (2)  Cytochrome c2+_c0[c0] + (1)  Nitrate_c0[c0],rxn14173,,R01106,,
rxn06109_c0,-,Cytosol_0,Unknown,Succinate:ubiquinone oxidoreductase_c0,,-2.44,,(1)  cpd00036[c0] + (1)  cpd11669[c0] <-> (1)  cpd00106[c0] + (1)  cpd11665[c0],(1)  Succinate_c0[c0] + (1)  Q_c0[c0] <-> (1)  Fumarate_c0[c0] + (1)  QH2_c0[c0],rxn06109,,R02164,Citrate cycle (TCA cycle),
rxn03313_c0,-,Cytosol_0,Unknown,"3alpha,20alpha,21-Trihydroxy-5beta-pregnane-11-one:NAD+ oxidoreductase_c0",,3.76,,(1)  cpd00003[c0] + (1)  cpd03264[c0] <-> (1)  cpd00004[c0] + (1)  cpd00067[c0] + (1)  cpd03259[c0],"(1)  NAD_c0[c0] + (1)  3alpha,20alpha,21-Trihydroxy-5beta-pregnane-11-one_c0[c0] <-> (1)  NADH_c0[c0] + (1)  H+_c0[c0] + (1)  5beta-Pregnane-3alpha,21-diol-11,20-dione_c0[c0]",rxn03313,,R04844,Steroid hormone biosynthesis,
rxn01116_c0,-,Cytosol_0,Unknown,D-Ribulose-5-phosphate 3-epimerase_c0,,0.0,,(1)  cpd00171[c0] <-> (1)  cpd00198[c0],(1)  D-Ribulose5-phosphate_c0[c0] <-> (1)  D-Xylulose5-phosphate_c0[c0],rxn01116,RPE,R01529,Pentose phosphate pathway|Pentose and glucuronate interconversions|Carbon fixation in photosynthetic organisms,Autotrophic-CO2-Fixation|Biosynthesis|C1-COMPOUNDS|CALVIN-PWY|CARBO-BIOSYNTHESIS|CO2-Fixation|Carbohydrates-Biosynthesis|Carbohydrates-Degradation|D-Arabinose-Degradation|DARABCAT-PWY|Degradation|Energy-Metabolism|Fermentation|Formaldehyde-Assimilation|NONOXIPENT-PWY|P122-PWY|P124-PWY|P185-PWY|P21-PWY|PENTOSE-P-PWY|PHOTOALL-PWY|Pentose-Phosphate-Cycle|Photosynthesis|RIBITOLUTIL-PWY|SECONDARY-METABOLITE-DEGRADATION|SUGAR-ALCOHOLS-DEG|Sugar-Derivatives|Sugars-And-Polysaccharides|Xylose-Degradation
rxn04153_c0,-,Cytosol_0,Unknown,"magnesium-protoporphyrin-IX 13-monomethyl ester,NADPH:oxygen oxidoreductase (hydroxylating)_c0",,-106.56,,(1)  cpd00005[c0] + (1)  cpd00007[c0] + (1)  cpd00067[c0] + (1)  cpd08629[c0] <-> (2)  cpd00001[c0] + (1)  cpd00006[c0] + (1)  cpd08630[c0],(1)  NADPH_c0[c0] + (1)  O2_c0[c0] + (1)  H+_c0[c0] + (1)  13(1) -Hydroxy-Mg-protoporphyrin IX 13-monomethyl ester_c0[c0] <-> (2)  H2O_c0[c0] + (1)  NADP_c0[c0] + (1)  13(1) -Oxo-Mg-protoporphyrin IX 13-monomethyl ester_c0[c0],rxn04153,,R06266,Porphyrin and chlorophyll metabolism,Biosynthesis|CHLOROPHYLL-SYN|Chlorophyll-Biosynthesis|Chlorophyllide-a-Biosynthesis|Cofactor-Biosynthesis|Porphyrin-Compounds-Biosynthesis
rxn02433_c0,-,Cytosol_0,Unknown,"CDP-4-dehydro-3,6-dideoxy-D-glucose:NADP+ 3-oxydoreductase_c0",,12.59,,(1)  cpd00001[c0] + (1)  cpd00006[c0] + (1)  cpd02638[c0] <-> (1)  cpd00005[c0] + (1)  cpd00067[c0] + (1)  cpd00897[c0],"(1)  H2O_c0[c0] + (1)  NADP_c0[c0] + (1)  CDP-4-dehydro-3,6-dideoxy-D-glucose_c0[c0] <-> (1)  NADPH_c0[c0] + (1)  H+_c0[c0] + (1)  CDP-4-dehydro-6-deoxy-D-glucose_c0[c0]",rxn02433,,R03392,Amino sugar and nucleotide sugar metabolism,Biosynthesis|CARBO-BIOSYNTHESIS|Carbohydrates-Biosynthesis|Cell-Structure-Biosynthesis|Lipopolysaccharide-Biosynthesis|O-Antigen-Biosynthesis|SUGAR-NUCLEOTIDES
rxn00745_c0,-,Cytosol_0,Unknown,Phosphoenolpyruvate:glycerone phosphotransferase_c0,2.7.1.121,-9.11,,(1)  cpd00061[c0] + (1)  cpd00157[c0] <-> (1)  cpd00020[c0] + (1)  cpd00095[c0],(1)  Phosphoenolpyruvate_c0[c0] + (1)  Glycerone_c0[c0] <-> (1)  Pyruvate_c0[c0] + (1)  Glycerone-phosphate_c0[c0],rxn00745,DHAPT,R01012,,Alcohol-Degradation|Degradation|GLYCEROL-DEG|GLYCEROLMETAB-PWY
rxn07262_c0,-,Cytosol_0,Unknown,R07385_c0,,-3.57,,(1)  cpd00001[c0] + (1)  cpd00067[c0] + (1)  cpd12606[c0] <-> (1)  cpd00162[c0] + (1)  cpd14506[c0],(1)  H2O_c0[c0] + (1)  H+_c0[c0] + (1)  Plasmenylethanolamine_c0[c0] <-> (1)  Aminoethanol_c0[c0] + (1)  2-Acyl-1-(1-alkenyl) -sn-glycero-3-phosphate_c0[c0],rxn07262,,R07385,Ether lipid metabolism,
rxn07804_c0,-,Cytosol_0,Unknown,R08014_c0,,,,(2)  cpd00005[c0] + (2)  cpd00067[c0] + (1)  cpd15097[c0] <-> (1)  cpd00001[c0] + (2)  cpd00006[c0] + (1)  cpd15098[c0],"(2)  NADPH_c0[c0] + (2)  H+_c0[c0] + (1)  Trinitrotoluene_c0[c0] <-> (1)  H2O_c0[c0] + (2)  NADP_c0[c0] + (1)  4-Hydroxylamino-2,6-dinitrotoluene_c0[c0]",rxn07804,,R08014,Nitrotoluene degradation,
rxn00196_c0,>,Cytosol_0,Unknown,"2,5-dioxopentanoate:NADP+ 5-oxidoreductase_c0",,-9.8,,(1)  cpd00001[c0] + (1)  cpd00006[c0] + (1)  cpd00340[c0] -> (1)  cpd00005[c0] + (1)  cpd00024[c0] + (2)  cpd00067[c0],"(1)  H2O_c0[c0] + (1)  NADP_c0[c0] + (1)  2,5-Dioxopentanoate_c0[c0] -> (1)  NADPH_c0[c0] + (1)  2-Oxoglutarate_c0[c0] + (2)  H+_c0[c0]",rxn00196,,R00264,Pentose and glucuronate interconversions|Ascorbate and aldarate metabolism,4-Hydroxyproline-Degradation|Amino-Acid-Degradation|Carbohydrates-Degradation|D-Arabinose-Degradation|D-Galactarate-Degradation|D-Glucarate-Degradation|Degradation|L-Arabinose-Degradation|SECONDARY-METABOLITE-DEGRADATION|SUGAR-ACIDS-DEG|SUGAR-ALCOHOLS-DEG|Sugar-Derivatives|Sugars-And-Polysaccharides|Xylose-Degradation
rxn01192_c0,>,Cytosol_0,Unknown,"Protocatechuate:oxygen 3,4-oxidoreductase (decyclizing)_c0",,-95.64,,(1)  cpd00007[c0] + (1)  cpd00197[c0] -> (2)  cpd00067[c0] + (1)  cpd00856[c0],"(1)  O2_c0[c0] + (1)  Protocatechuate_c0[c0] -> (2)  H+_c0[c0] + (1)  3-Carboxy-cis,cis-muconate_c0[c0]",rxn01192,PCADYOX,R01631,Benzoate degradation|Polycyclic aromatic hydrocarbon degradation,AROMATIC-COMPOUNDS-DEGRADATION|Catechol-Degradation|Degradation|PROTOCATECHUATE-ORTHO-CLEAVAGE-PWY|Protocatechuate-Degradation|TOLUENE-DEG
rxn06231_c0,-,Cytosol_0,Unknown,Protein-N(pai)-phosphohistidine:sugar N(pai)-phosphotransferase_c0,,-42.48,,(1)  cpd00027[c0] + (1)  cpd12508[c0] <-> (1)  cpd00079[c0] + (1)  cpd11712[c0],(1)  D-Glucose_c0[c0] + (1)  Protein N-pros-phosphohistidine_c0[c0] <-> (1)  D-glucose-6-phosphate_c0[c0] + (1)  Protein histidine_c0[c0],rxn06231,,R02738,Glycolysis / Gluconeogenesis|Amino sugar and nucleotide sugar metabolism,
rxn10434_c0,-,Cytosol_0,Unknown,R08213_c0,,-7.45,,(1)  cpd00022[c0] + (1)  cpd00024[c0] <-> (1)  cpd00010[c0] + (1)  cpd00067[c0] + (1)  cpd15886[c0],(1)  Acetyl-CoA_c0[c0] + (1)  2-Oxoglutarate_c0[c0] <-> (1)  CoA_c0[c0] + (1)  H+_c0[c0] + (1)  trans-homoaconitate_c0[c0],rxn10434,AKGCAL,R08213,,Biosynthesis|Cofactor-Biosynthesis
rxn00189_c0,>,Cytosol_0,Unknown,L-Glutamine amidohydrolase_c0,,-4.72,,(1)  cpd00001[c0] + (1)  cpd00053[c0] -> (1)  cpd00013[c0] + (1)  cpd00023[c0],(1)  H2O_c0[c0] + (1)  L-Glutamine_c0[c0] -> (1)  NH3_c0[c0] + (1)  L-Glutamate_c0[c0],rxn00189,U42,R00256,"Alanine, aspartate and glutamate metabolism|Arginine and proline metabolism|D-Glutamine and D-glutamate metabolism|Nitrogen metabolism",Amino-Acid-Biosynthesis|Amino-Acid-Degradation|Biosynthesis|CITRULBIO-PWY|Citrulline-Biosynthesis|Degradation|GLUTAMINDEG-PWY|GLUTAMINE-DEG|IND-AMINO-ACID-SYN|Other-Amino-Acid-Biosynthesis
rxn02540_c0,-,Cytosol_0,Unknown,"Toluene,NADPH:oxogen oxidoreductase (2-hydroxylating)_c0",,-99.51,,(1)  cpd00005[c0] + (1)  cpd00007[c0] + (1)  cpd00067[c0] + (1)  cpd01034[c0] <-> (1)  cpd00001[c0] + (1)  cpd00006[c0] + (1)  cpd01087[c0],(1)  NADPH_c0[c0] + (1)  O2_c0[c0] + (1)  H+_c0[c0] + (1)  Toluol_c0[c0] <-> (1)  H2O_c0[c0] + (1)  NADP_c0[c0] + (1)  o-Cresol_c0[c0],rxn02540,,R03560,Toluene degradation,
rxn00548_c0,>,Cytosol_0,Unknown,D-fructose-6-phosphate D-erythrose-4-phosphate-lyase (adding phosphate; acetyl-phosphate-forming)_c0,,-20.31,,(1)  cpd00009[c0] + (1)  cpd00072[c0] -> (1)  cpd00001[c0] + (1)  cpd00196[c0] + (1)  cpd00236[c0],(1)  Phosphate_c0[c0] + (1)  D-fructose-6-phosphate_c0[c0] -> (1)  H2O_c0[c0] + (1)  Acetylphosphate_c0[c0] + (1)  D-Erythrose4-phosphate_c0[c0],rxn00548,,R00761,Carbon fixation in photosynthetic organisms,
rxn01597_c0,-,Cytosol_0,Unknown,cyclohexanol:NAD+ oxidoreductase_c0,1.1.1.245,-2.3,,(1)  cpd00004[c0] + (1)  cpd00067[c0] + (1)  cpd00329[c0] <-> (1)  cpd00003[c0] + (1)  cpd00636[c0],(1)  NADH_c0[c0] + (1)  H+_c0[c0] + (1)  Cyclohexanone_c0[c0] <-> (1)  NAD_c0[c0] + (1)  Hexalin_c0[c0],rxn01597,,R02229,Caprolactam degradation,Alcohol-Degradation|CYCLOHEXANOL-OXIDATION-PWY|Degradation
rxn05231_c0,>,Cytosol_0,Unknown,2'-Deoxyadenosine 5'-diphosphate:oxidized-thioredoxin 2'-oxidoreductase_c0,,,,(1)  cpd00008[c0] + (1)  cpd11421[c0] -> (1)  cpd00001[c0] + (1)  cpd00177[c0] + (1)  cpd11420[c0],(1)  ADP_c0[c0] + (1)  trdrd_c0[c0] -> (1)  H2O_c0[c0] + (1)  dADP_c0[c0] + (1)  trdox_c0[c0],rxn05231,RIBRB12,R02017,Purine metabolism,
rxn00379_c0,-,Cytosol_0,Unknown,ATP:sulfate adenylyltransferase_c0,,3.04,,(1)  cpd00002[c0] + (1)  cpd00048[c0] <-> (1)  cpd00012[c0] + (1)  cpd00193[c0],(1)  ATP_c0[c0] + (1)  Sulfate_c0[c0] <-> (1)  PPi_c0[c0] + (1)  APS_c0[c0],rxn00379,MET3,R00529,Purine metabolism|Sulfur metabolism,ANAEROBIC-RESPIRATION|Activation|Activation-Inactivation-Interconversion|Amino-Acid-Biosynthesis|Biosynthesis|CHEMOAUTOTROPHIC-ENERGY-METABOLISM|DISSULFRED-PWY|Degradation|Energy-Metabolism|IND-AMINO-ACID-SYN|METHIONINE-SYN|Noncarbon-Nutrients|P224-PWY|Respiration|SO4ASSIM-PWY|SULFATE-CYS-PWY|SULFMETII-PWY|Sulfate-Reduction|Sulfide-Oxidation|Sulfite-Oxidation|Sulfur-Assimilation|Sulfur-Disproportionation|Thiosulfate-Disproportionation
rxn00729_c0,-,Cytosol_0,Unknown,N-Formylanthranilate amidohydrolase_c0,,-0.5,,(1)  cpd00001[c0] + (1)  cpd03364[c0] <-> (1)  cpd00047[c0] + (1)  cpd00067[c0] + (1)  cpd00093[c0],(1)  H2O_c0[c0] + (1)  Formylanthranilate_c0[c0] <-> (1)  Formate_c0[c0] + (1)  H+_c0[c0] + (1)  Anthranilate_c0[c0],rxn00729,,R00988,Tryptophan metabolism,
rxn01018_c0,>,Cytosol_0,Unknown,carbamoyl-phosphate:L-aspartate carbamoyltransferase_c0,,0.55,,(1)  cpd00041[c0] + (1)  cpd00146[c0] -> (1)  cpd00009[c0] + (1)  cpd00067[c0] + (1)  cpd00343[c0],(1)  L-Aspartate_c0[c0] + (1)  Carbamoylphosphate_c0[c0] -> (1)  Phosphate_c0[c0] + (1)  H+_c0[c0] + (1)  N-Carbamoyl-L-aspartate_c0[c0],rxn01018,ASPCT,R01397,"Pyrimidine metabolism|Alanine, aspartate and glutamate metabolism",Biosynthesis|Nucleotide-Biosynthesis|PRPP-PWY|PWY0-162|PYR-NUC-SYN|Pyrimidine-De-Novo-Biosyn
rxn14299_c0,-,Cytosol_0,Unknown,(S)-dihydroorotate:quinone oxidoreductase_c0, 1.3.5.2,,,(1)  cpd00282[c0] + (1)  cpd00364[c0] <-> (1)  cpd00247[c0] + (1)  cpd00415[c0],(1)  S-Dihydroorotate_c0[c0] + (1)  Chinone_c0[c0] <-> (1)  Orotate_c0[c0] + (1)  Quinol_c0[c0],rxn14299,,R01868,Pyrimidine metabolism,
rxn02102_c0,-,Cytosol_0,Unknown,(S)-Ureidoglycolate:NAD+ oxidoreductase_c0,,6.22,,(1)  cpd00003[c0] + (1)  cpd00465[c0] <-> (1)  cpd00004[c0] + (1)  cpd00067[c0] + (1)  cpd00596[c0],(1)  NAD_c0[c0] + (1)  Ureidoglycolate_c0[c0] <-> (1)  NADH_c0[c0] + (1)  H+_c0[c0] + (1)  Oxalurate_c0[c0],rxn02102,URDGLYCD,R02935,Purine metabolism,AMINE-DEG|Allantoin-degradation|Degradation|PWY0-41
rxn04152_c0,-,Cytosol_0,Unknown,"magnesium-protoporphyrin-IX 13-monomethyl ester,NADPH:oxygen oxidoreductase (hydroxylating)_c0",,-94.39,,(1)  cpd00005[c0] + (1)  cpd00007[c0] + (1)  cpd00067[c0] + (1)  cpd02762[c0] <-> (1)  cpd00001[c0] + (1)  cpd00006[c0] + (1)  cpd08629[c0],(1)  NADPH_c0[c0] + (1)  O2_c0[c0] + (1)  H+_c0[c0] + (1)  Mg-Protoporphyrin IX 13-monomethyl ester_c0[c0] <-> (1)  H2O_c0[c0] + (1)  NADP_c0[c0] + (1)  13(1) -Hydroxy-Mg-protoporphyrin IX 13-monomethyl ester_c0[c0],rxn04152,,R06265,Porphyrin and chlorophyll metabolism,Biosynthesis|CHLOROPHYLL-SYN|Chlorophyll-Biosynthesis|Chlorophyllide-a-Biosynthesis|Cofactor-Biosynthesis|Porphyrin-Compounds-Biosynthesis
rxn05072_c0,-,Cytosol_0,Unknown,1D-myo-inositol-3-phosphate lyase (isomerizing)_c0,,-1.6800000000000002,,(1)  cpd00079[c0] <-> (1)  cpd02484[c0],(1)  D-glucose-6-phosphate_c0[c0] <-> (1)  Inositol 3-phosphate_c0[c0],rxn05072,INO1,R07324,Streptomycin biosynthesis|Inositol phosphate metabolism,
rxn01163_c0,-,Cytosol_0,Unknown,Arachidonate:oxygen oxidoreductase_c0,,,,(2)  cpd00007[c0] + (1)  cpd00188[c0] <-> (1)  cpd03545[c0],(2)  O2_c0[c0] + (1)  Arachidonate_c0[c0] <-> (1)  PGG2_c0[c0],rxn01163,,R01590,Arachidonic acid metabolism,
rxn01735_c0,-,Cytosol_0,Unknown,L-Cystine L-Cysteine-lyase (deaminating)_c0,,,,(1)  cpd00001[c0] + (1)  cpd00381[c0] <-> (1)  cpd00013[c0] + (1)  cpd00020[c0] + (1)  cpd01347[c0],(1)  H2O_c0[c0] + (1)  L-Cystine_c0[c0] <-> (1)  NH3_c0[c0] + (1)  Pyruvate_c0[c0] + (1)  Thiocysteine_c0[c0],rxn01735,,R02408,Cysteine and methionine metabolism,
rxn01184_c0,-,Cytosol_0,Unknown,APS:ATP adenylyltransferase_c0,,-11.5,,(1)  cpd00002[c0] + (1)  cpd00193[c0] <-> (1)  cpd00048[c0] + (1)  cpd00067[c0] + (1)  cpd00924[c0],(1)  ATP_c0[c0] + (1)  APS_c0[c0] <-> (1)  Sulfate_c0[c0] + (1)  H+_c0[c0] + (1)  AppppA_c0[c0],rxn01184,,R01618,Purine metabolism,
rxn03378_c0,-,Cytosol_0,Unknown,Se-Adenosylselenohomocysteine hydrolase_c0,,,,(1)  cpd00001[c0] + (1)  cpd03393[c0] <-> (1)  cpd00182[c0] + (1)  cpd03397[c0],(1)  H2O_c0[c0] + (1)  Se-Adenosylselenohomocysteine_c0[c0] <-> (1)  Adenosine_c0[c0] + (1)  Selenohomocysteine_c0[c0],rxn03378,,R04936,,
rxn04456_c0,>,Cytosol_0,Unknown,2-oxo-4-hydroxy-4-carboxy-5-ureidoimidazoline decarboxylase_c0,,-9.78,,(1)  cpd09027[c0] -> (1)  cpd00011[c0] + (1)  cpd01092[c0],"(1)  5-Hydroxy-2-oxo-4-ureido-2,5-dihydro-1H-imidazole-5-carboxylate_c0[c0] -> (1)  CO2_c0[c0] + (1)  Allantoin_c0[c0]",rxn04456,,R06604,Purine metabolism,AROMATIC-COMPOUNDS-DEGRADATION|Biosynthesis|Degradation|P165-PWY|Polyamine-Biosynthesis|URSIN-PWY|Urate-Degradation
rxn04603_c0,>,Cytosol_0,Unknown,R06788_c0,,-69.64,,(1)  cpd00007[c0] + (1)  cpd09254[c0] -> (1)  cpd00067[c0] + (1)  cpd09255[c0],"(1)  O2_c0[c0] + (1)  2,3-dihydroxicinnamic acid_c0[c0] -> (1)  H+_c0[c0] + (1)  2-Hydroxy-6-ketononatrienedioate_c0[c0]",rxn04603,,R06788,Phenylalanine metabolism,AROMATIC-COMPOUNDS-DEGRADATION|Degradation|Phenolic-Compounds-Degradation
rxn03934_c0,-,Cytosol_0,Unknown,R05663_c0,,-9.8,,(1)  cpd00001[c0] + (1)  cpd00006[c0] + (1)  cpd04452[c0] <-> (1)  cpd00005[c0] + (2)  cpd00067[c0] + (1)  cpd04453[c0],(1)  H2O_c0[c0] + (1)  NADP_c0[c0] + (1)  o-Tolualdehyde_c0[c0] <-> (1)  NADPH_c0[c0] + (2)  H+_c0[c0] + (1)  o-Toluate_c0[c0],rxn03934,,R05663,Xylene degradation,
rxn07840_c0,-,Cytosol_0,Unknown,R08050_c0,,-110.08,,(1)  cpd00007[c0] + (1)  cpd00024[c0] + (1)  cpd03727[c0] <-> (1)  cpd00011[c0] + (1)  cpd00036[c0] + (1)  cpd15137[c0],(1)  O2_c0[c0] + (1)  2-Oxoglutarate_c0[c0] + (1)  Ectoine_c0[c0] <-> (1)  CO2_c0[c0] + (1)  Succinate_c0[c0] + (1)  5-Hydroxyectoine_c0[c0],rxn07840,,R08050,"Glycine, serine and threonine metabolism",
rxn02419_c0,-,Cytosol_0,Unknown,4-Hydroxyphenyllactate:NAD+ oxidoreductase_c0,,6.22,,(1)  cpd00003[c0] + (1)  cpd00887[c0] <-> (1)  cpd00004[c0] + (1)  cpd00067[c0] + (1)  cpd02502[c0],"(1)  NAD_c0[c0] + (1)  3-(3,4-Dihydroxyphenyl) lactate_c0[c0] <-> (1)  NADH_c0[c0] + (1)  H+_c0[c0] + (1)  3-(3,4-Dihydroxyphenyl) pyruvate_c0[c0]",rxn02419,,R03373,Tyrosine metabolism,
rxn11965_c0,-,Cytosol_0,Unknown,R02780_c0,,-42.48,,(1)  cpd00794[c0] + (1)  cpd12508[c0] <-> (1)  cpd00523[c0] + (1)  cpd11712[c0],(1)  TRHL_c0[c0] + (1)  Protein N-pros-phosphohistidine_c0[c0] <-> (1)  Trehalose 6-phosphate_c0[c0] + (1)  Protein histidine_c0[c0],rxn11965,,R02780,Starch and sucrose metabolism,
rxn03301_c0,-,Cytosol_0,Unknown,Cortolone:NAD+ oxidoreductase_c0,,3.76,,(1)  cpd00003[c0] + (1)  cpd03262[c0] <-> (1)  cpd00004[c0] + (1)  cpd00067[c0] + (1)  cpd03251[c0],(1)  NAD_c0[c0] + (1)  Cortolone_c0[c0] <-> (1)  NADH_c0[c0] + (1)  H+_c0[c0] + (1)  Urocortisone_c0[c0],rxn03301,,R04831,Steroid hormone biosynthesis,
rxn06716_c0,-,Cytosol_0,Unknown,"Phosphatidylinositol-3,4,5-trisphosphate 3-phosphohydrolase_c0",,-11.85,,(1)  cpd00001[c0] + (1)  cpd12802[c0] <-> (1)  cpd00009[c0] + (1)  cpd00067[c0] + (1)  cpd12582[c0],"(1)  H2O_c0[c0] + (1)  Phosphatidylinositol-3,4,5-trisphosphate_c0[c0] <-> (1)  Phosphate_c0[c0] + (1)  H+_c0[c0] + (1)  Phosphatidylinositol-4,5-bisphosphate_c0[c0]",rxn06716,,R04513,Inositol phosphate metabolism,
rxn01487_c0,-,Cytosol_0,Unknown,geranylgeranyl reductase_c0,,-52.62,,(3)  cpd00005[c0] + (3)  cpd00067[c0] + (1)  cpd00289[c0] <-> (3)  cpd00006[c0] + (1)  cpd03214[c0],(3)  NADPH_c0[c0] + (3)  H+_c0[c0] + (1)  Geranylgeranyl diphosphate_c0[c0] <-> (3)  NADP_c0[c0] + (1)  Phytyl diphosphate_c0[c0],rxn01487,,R02063,Terpenoid backbone biosynthesis,
rxn00260_c0,-,Cytosol_0,Unknown,L-Aspartate:2-oxoglutarate aminotransferase_c0,,0.0,,(1)  cpd00024[c0] + (1)  cpd00041[c0] <-> (1)  cpd00023[c0] + (1)  cpd00032[c0],(1)  2-Oxoglutarate_c0[c0] + (1)  L-Aspartate_c0[c0] <-> (1)  L-Glutamate_c0[c0] + (1)  Oxaloacetate_c0[c0],rxn00260,AAT2_1,R00355,"Alanine, aspartate and glutamate metabolism|Carbon fixation in photosynthetic organisms",ASPARTATE-DEG|ASPARTATE-DEG1-PWY|ASPARTATE-SYN|ASPARTATESYN-PWY|ASPASN-PWY|Amino-Acid-Biosynthesis|Amino-Acid-Degradation|Biosynthesis|Degradation|Energy-Metabolism|GLUTAMATE-DEG|GLUTDEG-PWY|IND-AMINO-ACID-SYN|ISOLEUCINE-SYN|MALATE-ASPARTATE-SHUTTLE-PWY|METHIONINE-SYN|Metabolic-Clusters|P4-PWY|PWY0-781|TCA-VARIANTS|THREONINE-BIOSYNTHESIS|THRESYN-PWY
rxn03136_c0,-,Cytosol_0,Unknown,1-(5'-Phosphoribosyl)-5-amino-4-(N-succinocarboxamide)-imidazole AMP-lyase_c0,,7.34,,(1)  cpd02921[c0] <-> (1)  cpd00067[c0] + (1)  cpd00106[c0] + (1)  cpd02851[c0],(1)  SAICAR_c0[c0] <-> (1)  H+_c0[c0] + (1)  Fumarate_c0[c0] + (1)  AICAR_c0[c0],rxn03136,ADE13_1,R04559,Purine metabolism,
rxn04791_c0,-,Cytosol_0,Unknown,S-(hydroxymethyl)glutathione synthase_c0,,0.83,,(1)  cpd00042[c0] + (1)  cpd00055[c0] <-> (1)  cpd09879[c0],(1)  GSH_c0[c0] + (1)  Formaldehyde_c0[c0] <-> (1)  S-(Hydroxymethyl) glutathione_c0[c0],rxn04791,FALGTHLs,R06982,Methane metabolism,C1-COMPOUNDS|Degradation|Formaldehyde-Oxidation
rxn07307_c0,<,Cytosol_0,Unknown,(2R)-O-phospho-3-sulfolactate sulfo-lyase_c0,4.4.1.19,11.92,,(1)  cpd08366[c0] <- (1)  cpd00061[c0] + (1)  cpd00081[c0],(1)  (2R) -Phosphosulfolactate_c0[c0] <- (1)  Phosphoenolpyruvate_c0[c0] + (1)  Sulfite_c0[c0],rxn07307,,R07476,Methane metabolism,Biosynthesis|Coenzyme-M-Biosynthesis|Cofactor-Biosynthesis|P261-PWY
rxn00621_c0,-,Cytosol_0,Unknown,CTP:sn-glycerol-3-phosphate cytidylyltransferase_c0,2.7.7.39,1.07,,(1)  cpd00052[c0] + (1)  cpd00080[c0] <-> (1)  cpd00012[c0] + (1)  cpd00402[c0],(1)  CTP_c0[c0] + (1)  Glycerol-3-phosphate_c0[c0] <-> (1)  PPi_c0[c0] + (1)  CDPglycerol_c0[c0],rxn00621,G3PCT,R00856,Glycerophospholipid metabolism,Biosynthesis|Cell-Structure-Biosynthesis|TEICHOICACID-PWY
rxn01437_c0,-,Cytosol_0,Unknown,N-Formyl-L-kynurenine amidohydrolase_c0,,-0.5,,(1)  cpd00001[c0] + (1)  cpd01749[c0] <-> (1)  cpd00047[c0] + (1)  cpd00067[c0] + (1)  cpd00275[c0],(1)  H2O_c0[c0] + (1)  N-Formylkynurenine_c0[c0] <-> (1)  Formate_c0[c0] + (1)  H+_c0[c0] + (1)  L-Kynurenine_c0[c0],rxn01437,FKYNH,R01959,Tryptophan metabolism|Glyoxylate and dicarboxylate metabolism,
rxn02432_c0,-,Cytosol_0,Unknown,"CDP-4-dehydro-3,6-dideoxy-D-glucose:NAD+ 3-oxydoreductase_c0",,12.59,,(1)  cpd00001[c0] + (1)  cpd00003[c0] + (1)  cpd02638[c0] <-> (1)  cpd00004[c0] + (1)  cpd00067[c0] + (1)  cpd00897[c0],"(1)  H2O_c0[c0] + (1)  NAD_c0[c0] + (1)  CDP-4-dehydro-3,6-dideoxy-D-glucose_c0[c0] <-> (1)  NADH_c0[c0] + (1)  H+_c0[c0] + (1)  CDP-4-dehydro-6-deoxy-D-glucose_c0[c0]",rxn02432,CDPDDGR,R03391,Amino sugar and nucleotide sugar metabolism,Biosynthesis|CARBO-BIOSYNTHESIS|Carbohydrates-Biosynthesis|Cell-Structure-Biosynthesis|Lipopolysaccharide-Biosynthesis|O-Antigen-Biosynthesis|SUGAR-NUCLEOTIDES
rxn06367_c0,-,Cytosol_0,Unknown,1-Phosphatidyl-1D-myo-inositol 3-phosphate 3-phosphohydrolase_c0,,-11.85,,(1)  cpd00001[c0] + (1)  cpd12572[c0] <-> (1)  cpd00009[c0] + (1)  cpd00067[c0] + (1)  cpd11822[c0],(1)  H2O_c0[c0] + (1)  1-Phosphatidyl-1D-myo-inositol 3-phosphate_c0[c0] <-> (1)  Phosphate_c0[c0] + (1)  H+_c0[c0] + (1)  1-Phosphatidyl-myo-inositol_c0[c0],rxn06367,,R03363,Inositol phosphate metabolism,
rxn07343_c0,-,Cytosol_0,Unknown,"7,9,7',9'-tetracis-lycopene cis-trans-isomerase_c0",5.2.1.13,0.0,,(1)  cpd14589[c0] <-> (1)  cpd03217[c0],"(1)  7,9,7',9'-Tetra-cis-lycopene_c0[c0] <-> (1)  Lycopene_c0[c0]",rxn07343,,R07512,Carotenoid biosynthesis,Biosynthesis|CAROTENOID-PWY|CAROTENOID-SYN|Lycopene-Biosynthesis|SECONDARY-METABOLITE-BIOSYNTHESIS|Terpenoid-Biosynthesis
rxn01153_c0,-,Cytosol_0,Unknown,D-Glutamine amidohydrolase_c0,,-4.72,,(1)  cpd00001[c0] + (1)  cpd00610[c0] <-> (1)  cpd00013[c0] + (1)  cpd00186[c0],(1)  H2O_c0[c0] + (1)  D-Glutamine_c0[c0] <-> (1)  NH3_c0[c0] + (1)  D-Glutamate_c0[c0],rxn01153,,R01579,D-Glutamine and D-glutamate metabolism,
rxn13954_c0,-,Cytosol_0,Unknown,ADP-glucose: D-glucose 1-alpha-D-glucosyltransferase_c0, 2.4.1.245,-1.7,,(1)  cpd00027[c0] + (1)  cpd00387[c0] <-> (1)  cpd00008[c0] + (1)  cpd00794[c0],(1)  D-Glucose_c0[c0] + (1)  ADPglucose_c0[c0] <-> (1)  ADP_c0[c0] + (1)  TRHL_c0[c0],rxn13954,,R08946,Starch and sucrose metabolism,
rxn02926_c0,-,Cytosol_0,Unknown,L-3-amino-isobutanoate:2-oxoglutarate aminotransferase_c0,2.6.1.22,-1.0,,(1)  cpd00024[c0] + (1)  cpd02096[c0] <-> (1)  cpd00023[c0] + (1)  cpd00287[c0],(1)  2-Oxoglutarate_c0[c0] + (1)  L-3-Amino-isobutyrate_c0[c0] <-> (1)  L-Glutamate_c0[c0] + (1)  3-Oxo-2-methylpropanoate_c0[c0],rxn02926,,R04188,"Valine, leucine and isoleucine degradation",Amino-Acid-Degradation|Degradation|VALDEG-PWY|VALINE-DEG
rxn02476_c0,-,Cytosol_0,Unknown,Phosphoenolpyruvate:3-phosphoshikimate 5-O-(1-carboxyvinyl)-transferase_c0,,10.33,,(1)  cpd00061[c0] + (1)  cpd02030[c0] <-> (1)  cpd00009[c0] + (1)  cpd00932[c0],(1)  Phosphoenolpyruvate_c0[c0] + (1)  3-phosphoshikimate_c0[c0] <-> (1)  Phosphate_c0[c0] + (1)  5-O--1-Carboxyvinyl-3-phosphoshikimate_c0[c0],rxn02476,ARO1_5,R03460,"Phenylalanine, tyrosine and tryptophan biosynthesis",ALL-CHORISMATE-PWY|ARO-PWY|AROMATIC-COMPOUNDS-BIOSYN|Amino-Acid-Biosynthesis|Biosynthesis|COMPLETE-ARO-PWY|Chorismate-Biosynthesis
rxn04954_c0,-,Cytosol_0,Unknown,5-methyltetrahydrofolate:NAD+ oxidoreductase_c0,,3.79,,(1)  cpd00003[c0] + (1)  cpd00345[c0] <-> (1)  cpd00004[c0] + (1)  cpd00067[c0] + (1)  cpd00125[c0],(1)  NAD_c0[c0] + (1)  5-Methyltetrahydrofolate_c0[c0] <-> (1)  NADH_c0[c0] + (1)  H+_c0[c0] + (1)  5-10-Methylenetetrahydrofolate_c0[c0],rxn04954,MTHFR2,R07168,One carbon pool by folate|Methane metabolism|Carbon fixation pathways in prokaryotes,1CMET2-PWY|Biosynthesis|Cofactor-Biosynthesis|Folate-Biosynthesis|Vitamin-Biosynthesis
rxn02577_c0,-,Cytosol_0,Unknown,"o-Cresol,NADPH:oxogen oxidoreductase (2-hydroxylating)_c0",,-95.83,,(1)  cpd00005[c0] + (1)  cpd00007[c0] + (1)  cpd00067[c0] + (1)  cpd01087[c0] <-> (1)  cpd00001[c0] + (1)  cpd00006[c0] + (1)  cpd01871[c0],(1)  NADPH_c0[c0] + (1)  O2_c0[c0] + (1)  H+_c0[c0] + (1)  o-Cresol_c0[c0] <-> (1)  H2O_c0[c0] + (1)  NADP_c0[c0] + (1)  3-Methylcatechol_c0[c0],rxn02577,,R03608,Toluene degradation,
rxn11756_c0,-,Cytosol_0,Unknown,alpha-fluoro-beta-ureidopropionic acid amidohydrolase_c0,,2.73,,(1)  cpd00001[c0] + (2)  cpd00067[c0] + (1)  cpd16435[c0] <-> (1)  cpd00011[c0] + (1)  cpd00013[c0] + (1)  cpd16436[c0],(1)  H2O_c0[c0] + (2)  H+_c0[c0] + (1)  2-Fluoro-3-ureidopropionic acid_c0[c0] <-> (1)  CO2_c0[c0] + (1)  NH3_c0[c0] + (1)  alpha-Fluoro-beta-alanine_c0[c0],rxn11756,,R08228,Drug metabolism - other enzymes,
rxn02213_c0,>,Cytosol_0,Unknown,3-Dehydroquinate hydro-lyase_c0,,-8.48,,(1)  cpd00699[c0] -> (1)  cpd00001[c0] + (1)  cpd01716[c0],(1)  5-Dehydroquinate_c0[c0] -> (1)  H2O_c0[c0] + (1)  3-Dehydroshikimate_c0[c0],rxn02213,ARO1_2,R03084,"Phenylalanine, tyrosine and tryptophan biosynthesis",ALL-CHORISMATE-PWY|ARO-PWY|AROMATIC-COMPOUNDS-BIOSYN|AROMATIC-COMPOUNDS-DEGRADATION|Amino-Acid-Biosynthesis|Biosynthesis|COMPLETE-ARO-PWY|Chorismate-Biosynthesis|Degradation|QUINATEDEG-PWY|Quinate-Degradation
rxn01187_c0,>,Cytosol_0,Unknown,D-Xylulose 5-phosphate D-glyceraldehyde-3-phosphate-lyase (adding phosphate; acetyl-phosphate-forming)_c0,,-22.06,,(1)  cpd00009[c0] + (1)  cpd00198[c0] -> (1)  cpd00001[c0] + (1)  cpd00102[c0] + (1)  cpd00196[c0],(1)  Phosphate_c0[c0] + (1)  D-Xylulose5-phosphate_c0[c0] -> (1)  H2O_c0[c0] + (1)  Glyceraldehyde3-phosphate_c0[c0] + (1)  Acetylphosphate_c0[c0],rxn01187,XPK,R01621,Pentose phosphate pathway|Methane metabolism|Carbon fixation in photosynthetic organisms,Carbohydrates-Degradation|Degradation|Energy-Metabolism|Fermentation|P122-PWY|P124-PWY|Sugars-And-Polysaccharides
rxn07463_c0,-,Cytosol_0,Unknown,"2-trans,6-trans-farnesyl-diphosphate diphosphate-lyase [(-)-Germacrene D-forming]_c0",4.2.3.75,,,(1)  cpd00350[c0] <-> (1)  cpd00012[c0] + (1)  cpd00067[c0] + (1)  cpd14863[c0],(1)  Farnesyldiphosphate_c0[c0] <-> (1)  PPi_c0[c0] + (1)  H+_c0[c0] + (1)  (-) -Germacrene D_c0[c0],rxn07463,,R07648,Sesquiterpenoid and triterpenoid biosynthesis,Biosynthesis|SECONDARY-METABOLITE-BIOSYNTHESIS|SESQUITERPENOID-SYN|Terpenoid-Biosynthesis
rxn01945_c0,>,Cytosol_0,Unknown,"4-hydroxyphenylacetate,NADH:oxygen oxidoreductase (3-hydroxylating)_c0",,-95.83,,(1)  cpd00004[c0] + (1)  cpd00007[c0] + (1)  cpd00067[c0] + (1)  cpd00489[c0] -> (1)  cpd00001[c0] + (1)  cpd00003[c0] + (1)  cpd00854[c0],(1)  NADH_c0[c0] + (1)  O2_c0[c0] + (1)  H+_c0[c0] + (1)  4-Hydroxyphenylacetate_c0[c0] -> (1)  H2O_c0[c0] + (1)  NAD_c0[c0] + (1)  Homoprotocatechuate_c0[c0],rxn01945,4HPHAC3MO,R02698,Tyrosine metabolism,
rxn03868_c0,-,Cytosol_0,Unknown,R05588_c0,2.8.3.15,0.0,,(1)  cpd00067[c0] + (1)  cpd00078[c0] + (1)  cpd06708[c0] <-> (1)  cpd00036[c0] + (1)  cpd06709[c0],(1)  H+_c0[c0] + (1)  Succinyl-CoA_c0[c0] + (1)  Benzylsuccinate_c0[c0] <-> (1)  Succinate_c0[c0] + (1)  Benzylsuccinyl-CoA_c0[c0],rxn03868,,R05588,Toluene degradation,AROMATIC-COMPOUNDS-DEGRADATION|BENZCOA-PWY|Degradation|TOLUENE-DEG
rxn03084_c0,>,Cytosol_0,Unknown,5'-Phosphoribosylformylglycinamide:L-glutamine amido-ligase (ADP-forming)_c0,,-13.46,,(1)  cpd00001[c0] + (1)  cpd00002[c0] + (1)  cpd00053[c0] + (1)  cpd02678[c0] -> (1)  cpd00008[c0] + (1)  cpd00009[c0] + (1)  cpd00023[c0] + (1)  cpd00067[c0] + (1)  cpd02826[c0],(1)  H2O_c0[c0] + (1)  ATP_c0[c0] + (1)  L-Glutamine_c0[c0] + (1)  N-Formyl-GAR_c0[c0] -> (1)  ADP_c0[c0] + (1)  Phosphate_c0[c0] + (1)  L-Glutamate_c0[c0] + (1)  H+_c0[c0] + (1)  5'-Phosphoribosylformylglycinamidine_c0[c0],rxn03084,ADE6,R04463,Purine metabolism,AIR-Biosynthesis|Biosynthesis|DENOVOPURINE2-PWY|Nucleotide-Biosynthesis|PRPP-PWY|PUR-NUC-SYN|Purine-Nucleotide-De-Novo-Biosynthesis
rxn07482_c0,-,Cytosol_0,Unknown,3-hydroxybenzaldehyde:NAD+ oxidoreductase_c0,,-9.8,,(1)  cpd00001[c0] + (1)  cpd00003[c0] + (1)  cpd01964[c0] <-> (1)  cpd00004[c0] + (2)  cpd00067[c0] + (1)  cpd00456[c0],(1)  H2O_c0[c0] + (1)  NAD_c0[c0] + (1)  3-Hydroxybenzaldehyde_c0[c0] <-> (1)  NADH_c0[c0] + (2)  H+_c0[c0] + (1)  3-Hydroxybenzoate_c0[c0],rxn07482,,R07667,Toluene degradation,
rxn00380_c0,-,Cytosol_0,Unknown,ADP:sulfate adenylyltransferase_c0,,14.0,,(1)  cpd00008[c0] + (1)  cpd00048[c0] <-> (1)  cpd00009[c0] + (1)  cpd00193[c0],(1)  ADP_c0[c0] + (1)  Sulfate_c0[c0] <-> (1)  Phosphate_c0[c0] + (1)  APS_c0[c0],rxn00380,APA1_3,R00530,Sulfur metabolism,Degradation|Noncarbon-Nutrients|Sulfite-Oxidation|Sulfur-Assimilation|Sulfur-Oxidation
rxn02296_c0,>,Cytosol_0,Unknown,6-Carboxyhyxanoate:CoA ligase (AMP-forming)_c0,6.2.1.14,-21.55,,(1)  cpd00002[c0] + (1)  cpd00010[c0] + (1)  cpd01727[c0] -> (1)  cpd00012[c0] + (1)  cpd00018[c0] + (1)  cpd00067[c0] + (1)  cpd00782[c0],(1)  ATP_c0[c0] + (1)  CoA_c0[c0] + (1)  Pimelate_c0[c0] -> (1)  PPi_c0[c0] + (1)  AMP_c0[c0] + (1)  H+_c0[c0] + (1)  Pimeloyl-CoA_c0[c0],rxn02296,CHCOAL,R03209,Biotin metabolism,7-Keto-8-aminopelargonate-Biosynthesis|BIOTIN-SYN|Biosynthesis|Cofactor-Biosynthesis|Vitamin-Biosynthesis
rxn14263_c0,-,Cytosol_0,Unknown,futalosine ribohydrolase_c0, 3.2.2.26|3.2.2.26,-0.73,,(1)  cpd00001[c0] + (1)  cpd17270[c0] <-> (1)  cpd00226[c0] + (1)  cpd17278[c0],(1)  H2O_c0[c0] + (1)  Futalosine_c0[c0] <-> (1)  HYXN_c0[c0] + (1)  Dehypoxanthine futalosine_c0[c0],rxn14263,,R08587,Ubiquinone and other terpenoid-quinone biosynthesis,Biosynthesis|Cofactor-Biosynthesis|Demethylmenaquinol-8-Biosynthesis|Demethylmenaquinone-Biosynthesis|Menaquinone-Biosynthesis|Quinone-Biosynthesis
rxn07832_c0,-,Cytosol_0,Unknown,R08042_c0,,,,(2)  cpd00004[c0] + (2)  cpd00067[c0] + (1)  cpd15097[c0] <-> (1)  cpd00001[c0] + (2)  cpd00003[c0] + (1)  cpd15099[c0],"(2)  NADH_c0[c0] + (2)  H+_c0[c0] + (1)  Trinitrotoluene_c0[c0] <-> (1)  H2O_c0[c0] + (2)  NAD_c0[c0] + (1)  2-Hydroxylamino-4,6-dinitrotoluene_c0[c0]",rxn07832,,R08042,Nitrotoluene degradation,
rxn00742_c0,>,Cytosol_0,Unknown,L-cystathionine cysteine-lyase (deaminating; 2-oxobutanoate-forming)_c0,,-1.8399999999999999,,(1)  cpd00001[c0] + (1)  cpd00424[c0] -> (1)  cpd00013[c0] + (1)  cpd00084[c0] + (1)  cpd00094[c0],(1)  H2O_c0[c0] + (1)  Cystathionine_c0[c0] -> (1)  NH3_c0[c0] + (1)  L-Cysteine_c0[c0] + (1)  2-Oxobutyrate_c0[c0],rxn00742,CYSTGLr,R01001,"Glycine, serine and threonine metabolism|Cysteine and methionine metabolism",Activation-Inactivation-Interconversion|Amino-Acid-Biosynthesis|Amino-Acid-Degradation|Biosynthesis|CYSTEINE-SYN|Degradation|HOMOCYSDEGR-PWY|HOMOCYSTEINE-DEG|IND-AMINO-ACID-SYN|Interconversion|METHIONINE-DEG
rxn06592_c0,-,Cytosol_0,Unknown,Protein-N(pai)-phosphohistidine:sugar N(pai)-phosphotransferase_c0,,-42.48,,(1)  cpd00179[c0] + (1)  cpd12508[c0] <-> (1)  cpd01919[c0] + (1)  cpd11712[c0],(1)  Maltose_c0[c0] + (1)  Protein N-pros-phosphohistidine_c0[c0] <-> (1)  maltose-6-phosphate_c0[c0] + (1)  Protein histidine_c0[c0],rxn06592,,R04111,Starch and sucrose metabolism,
rxn03316_c0,-,Cytosol_0,Unknown,Pregnanediol:NAD+ oxidoreductase_c0,,3.76,,(1)  cpd00003[c0] + (1)  cpd03265[c0] <-> (1)  cpd00004[c0] + (1)  cpd00067[c0] + (1)  cpd03261[c0],(1)  NAD_c0[c0] + (1)  Diol_c0[c0] <-> (1)  NADH_c0[c0] + (1)  H+_c0[c0] + (1)  3alpha-Hydroxy-5beta-pregnane-20-one_c0[c0],rxn03316,,R04847,Steroid hormone biosynthesis,
rxn05233_c0,>,Cytosol_0,Unknown,2'-Deoxyguanosine 5'-diphosphate:oxidized-thioredoxin 2'-oxidoreductase_c0,,,,(1)  cpd00031[c0] + (1)  cpd11421[c0] -> (1)  cpd00001[c0] + (1)  cpd00295[c0] + (1)  cpd11420[c0],(1)  GDP_c0[c0] + (1)  trdrd_c0[c0] -> (1)  H2O_c0[c0] + (1)  dGDP_c0[c0] + (1)  trdox_c0[c0],rxn05233,RNDR2,R02019,Purine metabolism,
rxn00141_c0,-,Cytosol_0,Unknown,S-Adenosyl-L-homocysteine hydrolase_c0,,5.67,,(1)  cpd00001[c0] + (1)  cpd00019[c0] <-> (1)  cpd00135[c0] + (1)  cpd00182[c0],(1)  H2O_c0[c0] + (1)  S-Adenosyl-homocysteine_c0[c0] <-> (1)  Homocysteine_c0[c0] + (1)  Adenosine_c0[c0],rxn00141,AHC,R00192,Cysteine and methionine metabolism,Amino-Acid-Biosynthesis|Amino-Acid-Degradation|Biosynthesis|CYSTEINE-SYN|Degradation|IND-AMINO-ACID-SYN|METHIONINE-DEG|METHIONINE-DEG1-PWY|METHIONINE-SYN|S-adenosyl-L-methionine-cycle
rxn06860_c0,-,Cytosol_0,Unknown,Protein-N(pai)-phosphohistidine:sugar N(pai)-phosphotransferase_c0,,-42.48,,(1)  cpd03696[c0] + (1)  cpd12508[c0] <-> (1)  cpd03697[c0] + (1)  cpd11712[c0],(1)  Ursin_c0[c0] + (1)  Protein N-pros-phosphohistidine_c0[c0] <-> (1)  Arbutin-6P_c0[c0] + (1)  Protein histidine_c0[c0],rxn06860,,R05132,Glycolysis / Gluconeogenesis,
rxn04482_c0,-,Cytosol_0,Unknown,R06633_c0,,-4.65,,(1)  cpd00050[c0] + (1)  cpd00067[c0] + (1)  cpd02043[c0] <-> (1)  cpd01270[c0] + (1)  cpd02259[c0],(1)  FMN_c0[c0] + (1)  H+_c0[c0] + (1)  (S) -4-Hydroxymandelate_c0[c0] <-> (1)  FMNH2_c0[c0] + (1)  4-Hydroxybenzoylformate_c0[c0],rxn04482,,R06633,Biosynthesis of vancomycin group antibiotics,
rxn03188_c0,>,Cytosol_0,Unknown,3-Ureidoisobutyrate amidohydrolase_c0,,2.73,,(1)  cpd00001[c0] + (2)  cpd00067[c0] + (1)  cpd03034[c0] -> (1)  cpd00011[c0] + (1)  cpd00013[c0] + (1)  cpd03063[c0],(1)  H2O_c0[c0] + (2)  H+_c0[c0] + (1)  3-Ureidoisobutyrate_c0[c0] -> (1)  CO2_c0[c0] + (1)  NH3_c0[c0] + (1)  3-Aminoisobutanoate_c0[c0],rxn03188,,R04666,Pyrimidine metabolism,
rxn06076_c0,<,Cytosol_0,Unknown,2'-Deoxycytidine diphosphate:oxidized-thioredoxin 2'-oxidoreductase_c0,,,,(1)  cpd00001[c0] + (1)  cpd00533[c0] + (1)  cpd11420[c0] <- (1)  cpd00096[c0] + (1)  cpd11421[c0],(1)  H2O_c0[c0] + (1)  dCDP_c0[c0] + (1)  trdox_c0[c0] <- (1)  CDP_c0[c0] + (1)  trdrd_c0[c0],rxn06076,RNDR3,R02024,Pyrimidine metabolism,
rxn01011_c0,-,Cytosol_0,Unknown,D-Glycerate:NAD+ 2-oxidoreductase_c0,,6.22,,(1)  cpd00003[c0] + (1)  cpd00223[c0] <-> (1)  cpd00004[c0] + (1)  cpd00067[c0] + (1)  cpd00145[c0],(1)  NAD_c0[c0] + (1)  Glycerate_c0[c0] <-> (1)  NADH_c0[c0] + (1)  H+_c0[c0] + (1)  Hydroxypyruvate_c0[c0],rxn01011,HPYRRx,R01388,"Glycine, serine and threonine metabolism|Glyoxylate and dicarboxylate metabolism|Methane metabolism",C1-COMPOUNDS|Degradation|Energy-Metabolism|Formaldehyde-Assimilation|Photosynthesis
rxn11858_c0,-,Cytosol_0,Unknown,R08331_c0,,-8.93,,(1)  cpd00001[c0] + (1)  cpd00022[c0] + (1)  cpd00269[c0] <-> (1)  cpd00010[c0] + (1)  cpd00067[c0] + (1)  cpd15831[c0],(1)  H2O_c0[c0] + (1)  Acetyl-CoA_c0[c0] + (1)  2-Oxoadipate_c0[c0] <-> (1)  CoA_c0[c0] + (1)  H+_c0[c0] + (1)  (R) -(homo) 2citrate_c0[c0],rxn11858,,R08331,,Biosynthesis|Cofactor-Biosynthesis|P241-PWY
rxn01649_c0,-,Cytosol_0,Unknown,Xanthosine:orthophosphate ribosyltransferase_c0,,-7.95,,(1)  cpd00009[c0] + (1)  cpd01217[c0] <-> (1)  cpd00309[c0] + (1)  cpd00475[c0],(1)  Phosphate_c0[c0] + (1)  Xanthosine_c0[c0] <-> (1)  XAN_c0[c0] + (1)  Ribose 1-phosphate_c0[c0],rxn01649,PNP1_9,R02297,Purine metabolism,Biosynthesis|Degradation|NUCLEO-DEG|Nucleotide-Biosynthesis|PUR-NUC-SYN|PWY0-1296|Polyamine-Biosynthesis|Purine-Degradation|Purine-Nucleotides-Salvage|SALVPURINE2-PWY|URSIN-PWY
rxn01261_c0,-,Cytosol_0,Unknown,nicotinate:NADP+ 6-oxidoreductase (hydroxylating)_c0,1.17.1.5,14.17,,(1)  cpd00001[c0] + (1)  cpd00006[c0] + (1)  cpd00218[c0] <-> (1)  cpd00005[c0] + (1)  cpd00067[c0] + (1)  cpd00752[c0],(1)  H2O_c0[c0] + (1)  NADP_c0[c0] + (1)  Niacin_c0[c0] <-> (1)  NADPH_c0[c0] + (1)  H+_c0[c0] + (1)  6-Hydroxynicotinate_c0[c0],rxn01261,,R01720,Nicotinate and nicotinamide metabolism,AROMATIC-COMPOUNDS-DEGRADATION|Degradation|Nicotinate-Degradation
rxn05109_c0,-,Cytosol_0,Unknown,R07399_c0,,-8.93,,(1)  cpd00001[c0] + (1)  cpd00020[c0] + (1)  cpd00022[c0] <-> (1)  cpd00010[c0] + (1)  cpd00067[c0] + (1)  cpd01700[c0],(1)  H2O_c0[c0] + (1)  Pyruvate_c0[c0] + (1)  Acetyl-CoA_c0[c0] <-> (1)  CoA_c0[c0] + (1)  H+_c0[c0] + (1)  D-Citramalate_c0[c0],rxn05109,,R07399,"Valine, leucine and isoleucine biosynthesis",Amino-Acid-Biosynthesis|Biosynthesis|IND-AMINO-ACID-SYN|ISOLEUCINE-SYN
rxn03601_c0,-,Cytosol_0,Unknown,p-Methylbenzaldehyde:NADP+ oxidoreductase_c0,,-9.8,,(1)  cpd00001[c0] + (1)  cpd00006[c0] + (1)  cpd04138[c0] <-> (1)  cpd00005[c0] + (2)  cpd00067[c0] + (1)  cpd01033[c0],(1)  H2O_c0[c0] + (1)  NADP_c0[c0] + (1)  p-Tolualdehyde_c0[c0] <-> (1)  NADPH_c0[c0] + (2)  H+_c0[c0] + (1)  Toluate_c0[c0],rxn03601,,R05289,Xylene degradation,
rxn02288_c0,-,Cytosol_0,Unknown,Uroporphyrinogen-III carboxy-lyase_c0,,-19.6,,(4)  cpd00067[c0] + (1)  cpd00774[c0] <-> (4)  cpd00011[c0] + (1)  cpd02083[c0],(4)  H+_c0[c0] + (1)  UroporphyrinogenIII_c0[c0] <-> (4)  CO2_c0[c0] + (1)  CoproporphyrinogenIII_c0[c0],rxn02288,UPPDC1,R03197,Porphyrin and chlorophyll metabolism,Biosynthesis|CHLOROPHYLL-SYN|Chlorophyll-Biosynthesis|Chlorophyll-a-Biosynthesis|Chlorophyllide-a-Biosynthesis|Cofactor-Biosynthesis|HEME-BIOSYNTHESIS-II|HEME-SYN|HEMESYN2-PWY|PWY0-1415|Porphyrin-Compounds-Biosynthesis
rxn00598_c0,-,Cytosol_0,Unknown,Succinyl-CoA:acetyl-CoA C-acyltransferase_c0,,54.71,,(1)  cpd00022[c0] + (5)  cpd00067[c0] + (1)  cpd00078[c0] <-> (1)  cpd00010[c0] + (1)  cpd01507[c0],(1)  Acetyl-CoA_c0[c0] + (5)  H+_c0[c0] + (1)  Succinyl-CoA_c0[c0] <-> (1)  CoA_c0[c0] + (1)  3-Oxoadipyl-CoA_c0[c0],rxn00598,3OXACOA,R00829,Phenylalanine metabolism|Benzoate degradation,AMINE-DEG|AROMATIC-COMPOUNDS-DEGRADATION|Benzoyl-CoA-Degradation|CARBOXYLATES-DEG|Catechol-Degradation|Degradation|MANDELATE-DEG|PWY0-321|Phenolic-Compounds-Degradation|Phenylacetate-Degradation|TOLUENE-DEG
rxn01032_c0,-,Cytosol_0,Unknown,Benzaldehyde:NAD+ oxidoreductase_c0,,-9.8,,(1)  cpd00001[c0] + (1)  cpd00003[c0] + (1)  cpd00225[c0] <-> (1)  cpd00004[c0] + (2)  cpd00067[c0] + (1)  cpd00153[c0],(1)  H2O_c0[c0] + (1)  NAD_c0[c0] + (1)  Benzaldehyde_c0[c0] <-> (1)  NADH_c0[c0] + (2)  H+_c0[c0] + (1)  Benzoate_c0[c0],rxn01032,BZDH,R01419,Toluene degradation|Aminobenzoate degradation,AROMATIC-COMPOUNDS-DEGRADATION|BENZENOID-SYN|Benzoate-Biosynthesis|Biosynthesis|Degradation|MANDELATE-DEG|PHENYLPROPANOID-SYN|SECONDARY-METABOLITE-BIOSYNTHESIS|TOLUENE-DEG|TOLUENE-DEG-CATECHOL-PWY
rxn01258_c0,-,Cytosol_0,Unknown,chorismate hydroxymutase_c0,5.4.99.6,0.0,,(1)  cpd00216[c0] <-> (1)  cpd00658[c0],(1)  Chorismate_c0[c0] <-> (1)  Isochorismate_c0[c0],rxn01258,ICH or Si,R01717,Ubiquinone and other terpenoid-quinone biosynthesis|Biosynthesis of siderophore group nonribosomal peptides,ALL-CHORISMATE-PWY|AROMATIC-COMPOUNDS-BIOSYN|BENZENOID-SYN|Biosynthesis|Cofactor-Biosynthesis|DHNA-Biosynthesis|Demethylmenaquinone-Biosynthesis|ENTBACSYN-PWY|Menaquinone-Biosynthesis|PHENYLPROPANOID-SYN|Phylloquinone-Biosynthesis|QUINONE-SYN|Quinone-Biosynthesis|SECONDARY-METABOLITE-BIOSYNTHESIS|Salicylate-Biosynthesis|Siderophores-Biosynthesis
rxn00317_c0,-,Cytosol_0,Unknown,L-Lysine:2-oxoglutarate 6-aminotransferase_c0,2.6.1.36,-1.0,,(1)  cpd00024[c0] + (1)  cpd00039[c0] <-> (1)  cpd00023[c0] + (1)  cpd02522[c0],(1)  2-Oxoglutarate_c0[c0] + (1)  L-Lysine_c0[c0] <-> (1)  L-Glutamate_c0[c0] + (1)  2-Aminoadipate 6-semialdehyde_c0[c0],rxn00317,,R00457,,Amino-Acid-Degradation|Degradation|LYSINE-DEG
rxn03304_c0,-,Cytosol_0,Unknown,Cortol:NAD+ oxidoreductase_c0,,3.76,,(1)  cpd00003[c0] + (1)  cpd03263[c0] <-> (1)  cpd00004[c0] + (1)  cpd00067[c0] + (1)  cpd03253[c0],(1)  NAD_c0[c0] + (1)  Cortol_c0[c0] <-> (1)  NADH_c0[c0] + (1)  H+_c0[c0] + (1)  Urocortisol_c0[c0],rxn03304,,R04834,Steroid hormone biosynthesis,
rxn00467_c0,-,Cytosol_0,Unknown,L-Ornithine:2-oxo-acid aminotransferase_c0,,-1.0,,(1)  cpd00024[c0] + (1)  cpd00064[c0] <-> (1)  cpd00023[c0] + (1)  cpd00858[c0],(1)  2-Oxoglutarate_c0[c0] + (1)  Ornithine_c0[c0] <-> (1)  L-Glutamate_c0[c0] + (1)  L-Glutamate5-semialdehyde_c0[c0],rxn00467,,R00667,Arginine and proline metabolism,ARG-PRO-PWY|ARGASEDEG-PWY|ARGININE-DEG|ARGININE-SYN|ARGININE-SYN4-PWY|ARGORNPROST-PWY|Activation-Inactivation-Interconversion|Amino-Acid-Biosynthesis|Amino-Acid-Degradation|Biosynthesis|CITRULBIO-PWY|Citrulline-Biosynthesis|Degradation|GLUTAMATE-SYN|IND-AMINO-ACID-SYN|Interconversion|Other-Amino-Acid-Biosynthesis|PROLINE-SYN
rxn01757_c0,-,Cytosol_0,Unknown,L-cysteate:2-oxoglutarate aminotransferase_c0,,0.0,,(1)  cpd00024[c0] + (1)  cpd00395[c0] <-> (1)  cpd00023[c0] + (1)  cpd03285[c0],(1)  2-Oxoglutarate_c0[c0] + (1)  L-Cysteate_c0[c0] <-> (1)  L-Glutamate_c0[c0] + (1)  3-Sulfopyruvate_c0[c0],rxn01757,,R02433,Cysteine and methionine metabolism,Biosynthesis|Coenzyme-M-Biosynthesis|Cofactor-Biosynthesis|Degradation|Noncarbon-Nutrients|Sulfolactate-Degradation|Sulfur-Assimilation
rxn14255_c0,-,Cytosol_0,Unknown,"(2E,6E)-Farnesyl-diphosphate diphosphate-lyase (adding water;acetone-geosmin-forming)_c0",,-62.09,,(2)  cpd00001[c0] + (1)  cpd00350[c0] <-> (1)  cpd00012[c0] + (1)  cpd00067[c0] + (1)  cpd00178[c0] + (1)  cpd15002[c0],(2)  H2O_c0[c0] + (1)  Farnesyldiphosphate_c0[c0] <-> (1)  PPi_c0[c0] + (1)  H+_c0[c0] + (1)  Acetone_c0[c0] + (1)  Geosmin_c0[c0],rxn14255,,R08543,,
rxn04445_c0,-,Cytosol_0,Unknown,R06592_c0,,-7.4,,(1)  cpd08888[c0] <-> (1)  cpd00009[c0] + (1)  cpd00067[c0] + (1)  cpd08891[c0],(1)  AminoDAHP_c0[c0] <-> (1)  Phosphate_c0[c0] + (1)  H+_c0[c0] + (1)  AminoDHQ_c0[c0],rxn04445,,R06592,Biosynthesis of ansamycins,Antibiotic-Biosynthesis|Biosynthesis|SECONDARY-METABOLITE-BIOSYNTHESIS
rxn14094_c0,-,Cytosol_0,Unknown,tetrahydrogeranylgeranyl-diphosphate:NADP+ oxidoreductase_c0,,-17.54,,(1)  cpd00005[c0] + (1)  cpd00067[c0] + (1)  cpd17569[c0] <-> (1)  cpd00006[c0] + (1)  cpd17570[c0],(1)  NADPH_c0[c0] + (1)  H+_c0[c0] + (1)  Dihydrogeranylgeranyl diphosphate_c0[c0] <-> (1)  NADP_c0[c0] + (1)  Tetrahydrogeranylgeranyl diphosphate_c0[c0],rxn14094,,R08755,,Biosynthesis|Cofactor-Biosynthesis|DITERPENOID-SYN|Phylloquinone-Biosynthesis|Phytyl-Diphosphate-Biosynthesis|Quinone-Biosynthesis|SECONDARY-METABOLITE-BIOSYNTHESIS|Terpenoid-Biosynthesis
rxn00202_c0,<,Cytosol_0,Unknown,"acetyl-CoA:2-oxoglutarate C-acetyltransferase (thioester-hydrolysing, carboxymethyl forming)_c0",2.3.3.14|4.1.3.21,-8.93,,(1)  cpd00010[c0] + (1)  cpd00067[c0] + (1)  cpd00919[c0] <- (1)  cpd00001[c0] + (1)  cpd00022[c0] + (1)  cpd00024[c0],(1)  CoA_c0[c0] + (1)  H+_c0[c0] + (1)  Homocitrate_c0[c0] <- (1)  H2O_c0[c0] + (1)  Acetyl-CoA_c0[c0] + (1)  2-Oxoglutarate_c0[c0],rxn00202,HCITS,R00271,Lysine biosynthesis|Pyruvate metabolism,Amino-Acid-Biosynthesis|Biosynthesis|Cofactor-Biosynthesis|IND-AMINO-ACID-SYN|LYSINE-AMINOAD-PWY|LYSINE-SYN|P241-PWY
rxn11859_c0,-,Cytosol_0,Unknown,R08332_c0,,-8.93,,(1)  cpd00001[c0] + (1)  cpd00022[c0] + (1)  cpd16397[c0] <-> (1)  cpd00010[c0] + (1)  cpd00067[c0] + (1)  cpd15832[c0],(1)  H2O_c0[c0] + (1)  Acetyl-CoA_c0[c0] + (1)  2-Oxopimelate_c0[c0] <-> (1)  CoA_c0[c0] + (1)  H+_c0[c0] + (1)  (R) -(homo) 3citrate_c0[c0],rxn11859,,R08332,,Biosynthesis|Cofactor-Biosynthesis|P241-PWY
rxn00779_c0,>,Cytosol_0,Unknown,D-glyceraldehyde 3-phosphate:NADP+ oxidoreductase_c0,1.2.1.9,-9.8,,(1)  cpd00001[c0] + (1)  cpd00006[c0] + (1)  cpd00102[c0] -> (1)  cpd00005[c0] + (2)  cpd00067[c0] + (1)  cpd00169[c0],(1)  H2O_c0[c0] + (1)  NADP_c0[c0] + (1)  Glyceraldehyde3-phosphate_c0[c0] -> (1)  NADPH_c0[c0] + (2)  H+_c0[c0] + (1)  3-Phosphoglycerate_c0[c0],rxn00779,GAPDy1,R01058,Glycolysis / Gluconeogenesis,Energy-Metabolism|GLYCOLYSIS-VARIANTS
rxn00493_c0,-,Cytosol_0,Unknown,L-Phenylalanine:2-oxoglutarate aminotransferase_c0,,0.0,,(1)  cpd00024[c0] + (1)  cpd00066[c0] <-> (1)  cpd00023[c0] + (1)  cpd00143[c0],(1)  2-Oxoglutarate_c0[c0] + (1)  L-Phenylalanine_c0[c0] <-> (1)  L-Glutamate_c0[c0] + (1)  Phenylpyruvate_c0[c0],rxn00493,ARO9_1,R00694,"Phenylalanine metabolism|Phenylalanine, tyrosine and tryptophan biosynthesis|Tropane, piperidine and pyridine alkaloid biosynthesis",ALL-CHORISMATE-PWY|ANAPHENOXI-PWY|AROMATIC-COMPOUNDS-DEGRADATION|Amino-Acid-Biosynthesis|Amino-Acid-Degradation|BENZCOA-PWY|Biosynthesis|COMPLETE-ARO-PWY|Degradation|IND-AMINO-ACID-SYN|PHENYLALANINE-DEG|PHENYLALANINE-SYN|PHESYN
